ticket_id,subject,body,category,urgency,source
SYN-00001,,I have no idea what this $49 charge is for. I do not remember signing up for anything new. Can you explain this?,billing,high,synthetic
SYN-00002,,I was charged twice for my Basic subscription. Two identical charges of $149 appeared on my statement. Please refund one.,billing,high,synthetic
SYN-00003,,I cancelled 5 days ago but got billed again. This is the absolutely unacceptable. I need my $99 back immediately.,billing,high,synthetic
SYN-00004,,I have no idea what this $29 charge is for. I do not remember signing up for anything new. Can you explain this?,billing,high,synthetic
SYN-00005,,Can you send a PDF invoice for my last payment? My company needs it for expense reporting. Name on invoice: Acme Corp.,billing,normal,synthetic
SYN-00006,,Can you send a PDF invoice for my last payment? My company needs it for expense reporting. Name on invoice: NovaCo.,billing,normal,synthetic
SYN-00007,,I was charged twice for my Pro subscription. Two identical charges of $49 appeared on my statement. Please refund one.,billing,high,synthetic
SYN-00008,,I cancelled 30 days ago but got billed again. This is the a major issue for our team. I need my $99 back immediately.,billing,high,synthetic
SYN-00009,,I was charged twice for my Team subscription. Two identical charges of $99 appeared on my statement. Please refund one.,billing,high,synthetic
SYN-00010,,I have no idea what this $29 charge is for. I do not remember signing up for anything new. Can you explain this?,billing,high,synthetic
SYN-00011,,I have no idea what this $19 charge is for. I do not remember signing up for anything new. Can you explain this?,billing,high,synthetic
SYN-00012,,My card ending in 1234 expired. How do I update payment before the next cycle?,billing,normal,synthetic
SYN-00013,,My card ending in 5678 expired. How do I update payment before the next cycle?,billing,normal,synthetic
SYN-00014,,I downgraded my plan starting yesterday but I am still being charged the Pro rate. This needs to be corrected and backdated.,billing,normal,synthetic
SYN-00015,,I have no idea what this $299 charge is for. I do not remember signing up for anything new. Can you explain this?,billing,high,synthetic
SYN-00016,,My invoice shows $149 but my plan is $79 per month. Please fix this and refund the difference.,billing,normal,synthetic
SYN-00017,,I cancelled 7 days ago but got billed again. This is the absolutely unacceptable. I need my $79 back immediately.,billing,high,synthetic
SYN-00018,,I was charged twice for my Starter subscription. Two identical charges of $49 appeared on my statement. Please refund one.,billing,high,synthetic
SYN-00019,,My invoice shows $149 but my plan is $99 per month. Please fix this and refund the difference.,billing,normal,synthetic
SYN-00020,,I downgraded my plan after we upgraded plans but I am still being charged the Pro rate. This needs to be corrected and backdated.,billing,normal,synthetic
SYN-00021,,Can you send a PDF invoice for my last payment? My company needs it for expense reporting. Name on invoice: Acme Corp.,billing,normal,synthetic
SYN-00022,,My card ending in 4242 expired. How do I update payment before the next cycle?,billing,normal,synthetic
SYN-00023,,Can you send a PDF invoice for my last payment? My company needs it for expense reporting. Name on invoice: Bright Ventures LLC.,billing,normal,synthetic
SYN-00024,,I downgraded my plan randomly throughout the day but I am still being charged the Basic rate. This needs to be corrected and backdated.,billing,normal,synthetic
SYN-00025,,I downgraded my plan randomly throughout the day but I am still being charged the Enterprise rate. This needs to be corrected and backdated.,billing,normal,synthetic
SYN-00026,,I cancelled 3 days ago but got billed again. This is the absolutely unacceptable. I need my $29 back immediately.,billing,high,synthetic
SYN-00027,,I have no idea what this $99 charge is for. I do not remember signing up for anything new. Can you explain this?,billing,high,synthetic
SYN-00028,,I downgraded my plan since the last update but I am still being charged the Enterprise rate. This needs to be corrected and backdated.,billing,normal,synthetic
SYN-00029,,I downgraded my plan since the last update but I am still being charged the Business rate. This needs to be corrected and backdated.,billing,normal,synthetic
SYN-00030,,My card ending in 5678 expired. How do I update payment before the next cycle?,billing,normal,synthetic
SYN-00031,,My card ending in 5678 expired. How do I update payment before the next cycle?,billing,normal,synthetic
SYN-00032,,I cancelled 7 days ago but got billed again. This is the very frustrating. I need my $149 back immediately.,billing,high,synthetic
SYN-00033,,I have no idea what this $149 charge is for. I do not remember signing up for anything new. Can you explain this?,billing,high,synthetic
SYN-00034,,I have no idea what this $29 charge is for. I do not remember signing up for anything new. Can you explain this?,billing,high,synthetic
SYN-00035,,I have no idea what this $49 charge is for. I do not remember signing up for anything new. Can you explain this?,billing,high,synthetic
SYN-00036,,Can you send a PDF invoice for my last payment? My company needs it for expense reporting. Name on invoice: Tech Solutions Inc.,billing,normal,synthetic
SYN-00037,,Can you send a PDF invoice for my last payment? My company needs it for expense reporting. Name on invoice: Tech Solutions Inc.,billing,normal,synthetic
SYN-00038,,I cancelled 14 days ago but got billed again. This is the the third time this month. I need my $299 back immediately.,billing,high,synthetic
SYN-00039,,I have no idea what this $29 charge is for. I do not remember signing up for anything new. Can you explain this?,billing,high,synthetic
SYN-00040,,Can you send a PDF invoice for my last payment? My company needs it for expense reporting. Name on invoice: Tech Solutions Inc.,billing,normal,synthetic
SYN-00041,,I have no idea what this $149 charge is for. I do not remember signing up for anything new. Can you explain this?,billing,high,synthetic
SYN-00042,,I downgraded my plan starting yesterday but I am still being charged the Pro rate. This needs to be corrected and backdated.,billing,normal,synthetic
SYN-00043,,I downgraded my plan for the past week but I am still being charged the Pro rate. This needs to be corrected and backdated.,billing,normal,synthetic
SYN-00044,,My card ending in 5678 expired. How do I update payment before the next cycle?,billing,normal,synthetic
SYN-00045,,I was charged twice for my Business subscription. Two identical charges of $19 appeared on my statement. Please refund one.,billing,high,synthetic
SYN-00046,,I have no idea what this $149 charge is for. I do not remember signing up for anything new. Can you explain this?,billing,high,synthetic
SYN-00047,,I cancelled 14 days ago but got billed again. This is the causing us serious problems. I need my $29 back immediately.,billing,high,synthetic
SYN-00048,,I have no idea what this $299 charge is for. I do not remember signing up for anything new. Can you explain this?,billing,high,synthetic
SYN-00049,,I cancelled 5 days ago but got billed again. This is the very frustrating. I need my $149 back immediately.,billing,high,synthetic
SYN-00050,,I have no idea what this $19 charge is for. I do not remember signing up for anything new. Can you explain this?,billing,high,synthetic
SYN-00051,,Can you send a PDF invoice for my last payment? My company needs it for expense reporting. Name on invoice: Bright Ventures LLC.,billing,normal,synthetic
SYN-00052,,I have no idea what this $19 charge is for. I do not remember signing up for anything new. Can you explain this?,billing,high,synthetic
SYN-00053,,My card ending in 9012 expired. How do I update payment before the next cycle?,billing,normal,synthetic
SYN-00054,,My invoice shows $299 but my plan is $79 per month. Please fix this and refund the difference.,billing,normal,synthetic
SYN-00055,,Can you send a PDF invoice for my last payment? My company needs it for expense reporting. Name on invoice: NovaCo.,billing,normal,synthetic
SYN-00056,,I was charged twice for my Pro subscription. Two identical charges of $79 appeared on my statement. Please refund one.,billing,high,synthetic
SYN-00057,,I was charged twice for my Business subscription. Two identical charges of $29 appeared on my statement. Please refund one.,billing,high,synthetic
SYN-00058,,I cancelled 14 days ago but got billed again. This is the a major issue for our team. I need my $79 back immediately.,billing,high,synthetic
SYN-00059,,I was charged twice for my Starter subscription. Two identical charges of $299 appeared on my statement. Please refund one.,billing,high,synthetic
SYN-00060,,Can you send a PDF invoice for my last payment? My company needs it for expense reporting. Name on invoice: NovaCo.,billing,normal,synthetic
SYN-00061,,Can you send a PDF invoice for my last payment? My company needs it for expense reporting. Name on invoice: Bright Ventures LLC.,billing,normal,synthetic
SYN-00062,,Can you send a PDF invoice for my last payment? My company needs it for expense reporting. Name on invoice: Acme Corp.,billing,normal,synthetic
SYN-00063,,I have no idea what this $29 charge is for. I do not remember signing up for anything new. Can you explain this?,billing,high,synthetic
SYN-00064,,I was charged twice for my Basic subscription. Two identical charges of $19 appeared on my statement. Please refund one.,billing,high,synthetic
SYN-00065,,I downgraded my plan for the past week but I am still being charged the Enterprise rate. This needs to be corrected and backdated.,billing,normal,synthetic
SYN-00066,,I was charged twice for my Enterprise subscription. Two identical charges of $299 appeared on my statement. Please refund one.,billing,high,synthetic
SYN-00067,,I cancelled 3 days ago but got billed again. This is the the third time this month. I need my $299 back immediately.,billing,high,synthetic
SYN-00068,,Can you send a PDF invoice for my last payment? My company needs it for expense reporting. Name on invoice: Tech Solutions Inc.,billing,normal,synthetic
SYN-00069,,Can you send a PDF invoice for my last payment? My company needs it for expense reporting. Name on invoice: Acme Corp.,billing,normal,synthetic
SYN-00070,,I downgraded my plan for the past week but I am still being charged the Basic rate. This needs to be corrected and backdated.,billing,normal,synthetic
SYN-00071,,I downgraded my plan randomly throughout the day but I am still being charged the Basic rate. This needs to be corrected and backdated.,billing,normal,synthetic
SYN-00072,,Can you send a PDF invoice for my last payment? My company needs it for expense reporting. Name on invoice: Tech Solutions Inc.,billing,normal,synthetic
SYN-00073,,I cancelled 5 days ago but got billed again. This is the a major issue for our team. I need my $149 back immediately.,billing,high,synthetic
SYN-00074,,I downgraded my plan since the last update but I am still being charged the Team rate. This needs to be corrected and backdated.,billing,normal,synthetic
SYN-00075,,Can you send a PDF invoice for my last payment? My company needs it for expense reporting. Name on invoice: Bright Ventures LLC.,billing,normal,synthetic
SYN-00076,,My card ending in 4242 expired. How do I update payment before the next cycle?,billing,normal,synthetic
SYN-00077,,I was charged twice for my Enterprise subscription. Two identical charges of $79 appeared on my statement. Please refund one.,billing,high,synthetic
SYN-00078,,I downgraded my plan starting yesterday but I am still being charged the Enterprise rate. This needs to be corrected and backdated.,billing,normal,synthetic
SYN-00079,,I was charged twice for my Business subscription. Two identical charges of $19 appeared on my statement. Please refund one.,billing,high,synthetic
SYN-00080,,I was charged twice for my Pro subscription. Two identical charges of $29 appeared on my statement. Please refund one.,billing,high,synthetic
SYN-00081,,My card ending in 4242 expired. How do I update payment before the next cycle?,billing,normal,synthetic
SYN-00082,,I downgraded my plan starting yesterday but I am still being charged the Team rate. This needs to be corrected and backdated.,billing,normal,synthetic
SYN-00083,,I cancelled 14 days ago but got billed again. This is the a major issue for our team. I need my $29 back immediately.,billing,high,synthetic
SYN-00084,,I cancelled 30 days ago but got billed again. This is the a major issue for our team. I need my $149 back immediately.,billing,high,synthetic
SYN-00085,,My card ending in 1234 expired. How do I update payment before the next cycle?,billing,normal,synthetic
SYN-00086,,Can you send a PDF invoice for my last payment? My company needs it for expense reporting. Name on invoice: Tech Solutions Inc.,billing,normal,synthetic
SYN-00087,,I have no idea what this $149 charge is for. I do not remember signing up for anything new. Can you explain this?,billing,high,synthetic
SYN-00088,,My card ending in 5678 expired. How do I update payment before the next cycle?,billing,normal,synthetic
SYN-00089,,My card ending in 9012 expired. How do I update payment before the next cycle?,billing,normal,synthetic
SYN-00090,,I was charged twice for my Business subscription. Two identical charges of $99 appeared on my statement. Please refund one.,billing,high,synthetic
SYN-00091,,I was charged twice for my Enterprise subscription. Two identical charges of $49 appeared on my statement. Please refund one.,billing,high,synthetic
SYN-00092,,Can you send a PDF invoice for my last payment? My company needs it for expense reporting. Name on invoice: Tech Solutions Inc.,billing,normal,synthetic
SYN-00093,,Can you send a PDF invoice for my last payment? My company needs it for expense reporting. Name on invoice: Tech Solutions Inc.,billing,normal,synthetic
SYN-00094,,I was charged twice for my Pro subscription. Two identical charges of $29 appeared on my statement. Please refund one.,billing,high,synthetic
SYN-00095,,I have no idea what this $49 charge is for. I do not remember signing up for anything new. Can you explain this?,billing,high,synthetic
SYN-00096,,I cancelled 3 days ago but got billed again. This is the the third time this month. I need my $49 back immediately.,billing,high,synthetic
SYN-00097,,I was charged twice for my Team subscription. Two identical charges of $99 appeared on my statement. Please refund one.,billing,high,synthetic
SYN-00098,,My invoice shows $99 but my plan is $79 per month. Please fix this and refund the difference.,billing,normal,synthetic
SYN-00099,,Can you send a PDF invoice for my last payment? My company needs it for expense reporting. Name on invoice: Tech Solutions Inc.,billing,normal,synthetic
SYN-00100,,I have no idea what this $19 charge is for. I do not remember signing up for anything new. Can you explain this?,billing,high,synthetic
SYN-00101,,Can you send a PDF invoice for my last payment? My company needs it for expense reporting. Name on invoice: NovaCo.,billing,normal,synthetic
SYN-00102,,I cancelled 14 days ago but got billed again. This is the causing us serious problems. I need my $79 back immediately.,billing,high,synthetic
SYN-00103,,I cancelled 3 days ago but got billed again. This is the causing us serious problems. I need my $49 back immediately.,billing,high,synthetic
SYN-00104,,My invoice shows $99 but my plan is $29 per month. Please fix this and refund the difference.,billing,normal,synthetic
SYN-00105,,My card ending in 4242 expired. How do I update payment before the next cycle?,billing,normal,synthetic
SYN-00106,,I have no idea what this $29 charge is for. I do not remember signing up for anything new. Can you explain this?,billing,high,synthetic
SYN-00107,,I have no idea what this $49 charge is for. I do not remember signing up for anything new. Can you explain this?,billing,high,synthetic
SYN-00108,,I was charged twice for my Starter subscription. Two identical charges of $29 appeared on my statement. Please refund one.,billing,high,synthetic
SYN-00109,,My invoice shows $199 but my plan is $79 per month. Please fix this and refund the difference.,billing,normal,synthetic
SYN-00110,,I cancelled 30 days ago but got billed again. This is the causing us serious problems. I need my $99 back immediately.,billing,high,synthetic
SYN-00111,,I cancelled 5 days ago but got billed again. This is the the third time this month. I need my $299 back immediately.,billing,high,synthetic
SYN-00112,,My card ending in 1234 expired. How do I update payment before the next cycle?,billing,normal,synthetic
SYN-00113,,I downgraded my plan after we upgraded plans but I am still being charged the Pro rate. This needs to be corrected and backdated.,billing,normal,synthetic
SYN-00114,,I downgraded my plan since the last update but I am still being charged the Team rate. This needs to be corrected and backdated.,billing,normal,synthetic
SYN-00115,,I was charged twice for my Basic subscription. Two identical charges of $19 appeared on my statement. Please refund one.,billing,high,synthetic
SYN-00116,,I downgraded my plan since the last update but I am still being charged the Pro rate. This needs to be corrected and backdated.,billing,normal,synthetic
SYN-00117,,I downgraded my plan starting yesterday but I am still being charged the Business rate. This needs to be corrected and backdated.,billing,normal,synthetic
SYN-00118,,My card ending in 9012 expired. How do I update payment before the next cycle?,billing,normal,synthetic
SYN-00119,,My card ending in 1234 expired. How do I update payment before the next cycle?,billing,normal,synthetic
SYN-00120,,I downgraded my plan since the last update but I am still being charged the Starter rate. This needs to be corrected and backdated.,billing,normal,synthetic
SYN-00121,,I cancelled 3 days ago but got billed again. This is the causing us serious problems. I need my $299 back immediately.,billing,high,synthetic
SYN-00122,,My invoice shows $99 but my plan is $99 per month. Please fix this and refund the difference.,billing,normal,synthetic
SYN-00123,,My card ending in 9012 expired. How do I update payment before the next cycle?,billing,normal,synthetic
SYN-00124,,I cancelled 7 days ago but got billed again. This is the very frustrating. I need my $99 back immediately.,billing,high,synthetic
SYN-00125,,I was charged twice for my Team subscription. Two identical charges of $29 appeared on my statement. Please refund one.,billing,high,synthetic
SYN-00126,,Can you send a PDF invoice for my last payment? My company needs it for expense reporting. Name on invoice: Acme Corp.,billing,normal,synthetic
SYN-00127,,I have no idea what this $149 charge is for. I do not remember signing up for anything new. Can you explain this?,billing,high,synthetic
SYN-00128,,I was charged twice for my Pro subscription. Two identical charges of $19 appeared on my statement. Please refund one.,billing,high,synthetic
SYN-00129,,My card ending in 1234 expired. How do I update payment before the next cycle?,billing,normal,synthetic
SYN-00130,,I was charged twice for my Team subscription. Two identical charges of $49 appeared on my statement. Please refund one.,billing,high,synthetic
SYN-00131,,I downgraded my plan since the last update but I am still being charged the Business rate. This needs to be corrected and backdated.,billing,normal,synthetic
SYN-00132,,Can you send a PDF invoice for my last payment? My company needs it for expense reporting. Name on invoice: Acme Corp.,billing,normal,synthetic
SYN-00133,,I have no idea what this $79 charge is for. I do not remember signing up for anything new. Can you explain this?,billing,high,synthetic
SYN-00134,,I cancelled 3 days ago but got billed again. This is the a major issue for our team. I need my $299 back immediately.,billing,high,synthetic
SYN-00135,,I cancelled 30 days ago but got billed again. This is the absolutely unacceptable. I need my $19 back immediately.,billing,high,synthetic
SYN-00136,,Can you send a PDF invoice for my last payment? My company needs it for expense reporting. Name on invoice: Acme Corp.,billing,normal,synthetic
SYN-00137,,My card ending in 5678 expired. How do I update payment before the next cycle?,billing,normal,synthetic
SYN-00138,,My invoice shows $299 but my plan is $99 per month. Please fix this and refund the difference.,billing,normal,synthetic
SYN-00139,,I cancelled 14 days ago but got billed again. This is the very frustrating. I need my $149 back immediately.,billing,high,synthetic
SYN-00140,,I have no idea what this $29 charge is for. I do not remember signing up for anything new. Can you explain this?,billing,high,synthetic
SYN-00141,,My invoice shows $99 but my plan is $99 per month. Please fix this and refund the difference.,billing,normal,synthetic
SYN-00142,,I downgraded my plan since the last update but I am still being charged the Pro rate. This needs to be corrected and backdated.,billing,normal,synthetic
SYN-00143,,My card ending in 4242 expired. How do I update payment before the next cycle?,billing,normal,synthetic
SYN-00144,,I was charged twice for my Team subscription. Two identical charges of $99 appeared on my statement. Please refund one.,billing,high,synthetic
SYN-00145,,Can you send a PDF invoice for my last payment? My company needs it for expense reporting. Name on invoice: Bright Ventures LLC.,billing,normal,synthetic
SYN-00146,,I cancelled 3 days ago but got billed again. This is the very frustrating. I need my $149 back immediately.,billing,high,synthetic
SYN-00147,,My invoice shows $149 but my plan is $79 per month. Please fix this and refund the difference.,billing,normal,synthetic
SYN-00148,,My card ending in 5678 expired. How do I update payment before the next cycle?,billing,normal,synthetic
SYN-00149,,Can you send a PDF invoice for my last payment? My company needs it for expense reporting. Name on invoice: Acme Corp.,billing,normal,synthetic
SYN-00150,,I have no idea what this $79 charge is for. I do not remember signing up for anything new. Can you explain this?,billing,high,synthetic
SYN-00151,,All API calls to your service are returning 500 errors since the last update. This is blocking our entire production deployment. Error: Request timeout,bug_report,critical,synthetic
SYN-00152,,The search stopped working completely. Clicking it does nothing. Tried different browsers — same issue.,bug_report,high,synthetic
SYN-00153,,The app crashes for the past week when I try to export a report. I am on macOS Ventura. Error message: Request timeout,bug_report,critical,synthetic
SYN-00154,,All API calls to your service are returning 500 errors for the past week. This is blocking our entire production deployment. Error: 500 Internal Server Error,bug_report,critical,synthetic
SYN-00155,,The filters stopped working completely. Clicking it does nothing. Tried different browsers — same issue.,bug_report,high,synthetic
SYN-00156,,The numbers on the reports dashboard are wrong. They do not match our actual data at all. Looks like a calculation error.,bug_report,high,synthetic
SYN-00157,,All API calls to your service are returning 500 errors for the past week. This is blocking our entire production deployment. Error: Request timeout,bug_report,critical,synthetic
SYN-00158,,"Sometimes the bulk edit works fine, sometimes it just fails silently. No error message. Cannot reproduce consistently but it happens daily.",bug_report,high,synthetic
SYN-00159,,The app crashes since the last update when I try to save my changes. I am on Android 14. Error message: 500 Internal Server Error,bug_report,critical,synthetic
SYN-00160,,My reports disappear after saving. I get the green success message but everything is gone when I refresh. This is the third time this month.,bug_report,high,synthetic
SYN-00161,,The filters stopped working completely. Clicking it does nothing. Tried different browsers — same issue.,bug_report,high,synthetic
SYN-00162,,"Cannot get into my account at all. Password is correct, reset email never arrives. Tried 30 times now.",bug_report,critical,synthetic
SYN-00163,,The numbers on the settings dashboard are wrong. They do not match our actual data at all. Looks like a calculation error.,bug_report,high,synthetic
SYN-00164,,All API calls to your service are returning 500 errors since the last update. This is blocking our entire production deployment. Error: 500 Internal Server Error,bug_report,critical,synthetic
SYN-00165,,The app crashes randomly throughout the day when I try to upload a file. I am on Windows 11. Error message: Request timeout,bug_report,critical,synthetic
SYN-00166,,All API calls to your service are returning 500 errors after we upgraded plans. This is blocking our entire production deployment. Error: 500 Internal Server Error,bug_report,critical,synthetic
SYN-00167,,The bulk edit stopped working completely. Clicking it does nothing. Tried different browsers — same issue.,bug_report,high,synthetic
SYN-00168,,My transactions disappear after saving. I get the green success message but everything is gone when I refresh. This is absolutely unacceptable.,bug_report,high,synthetic
SYN-00169,,My reports disappear after saving. I get the green success message but everything is gone when I refresh. This is very frustrating.,bug_report,high,synthetic
SYN-00170,,The numbers on the dashboard dashboard are wrong. They do not match our actual data at all. Looks like a calculation error.,bug_report,high,synthetic
SYN-00171,,My invoices disappear after saving. I get the green success message but everything is gone when I refresh. This is causing us serious problems.,bug_report,high,synthetic
SYN-00172,,All API calls to your service are returning 500 errors starting yesterday. This is blocking our entire production deployment. Error: Authentication failed,bug_report,critical,synthetic
SYN-00173,,The export stopped working completely. Clicking it does nothing. Tried different browsers — same issue.,bug_report,high,synthetic
SYN-00174,,"Sometimes the export works fine, sometimes it just fails silently. No error message. Cannot reproduce consistently but it happens daily.",bug_report,high,synthetic
SYN-00175,,"Cannot get into my account at all. Password is correct, reset email never arrives. Tried 3 times now.",bug_report,critical,synthetic
SYN-00176,,The filters stopped working completely. Clicking it does nothing. Tried different browsers — same issue.,bug_report,high,synthetic
SYN-00177,,My projects disappear after saving. I get the green success message but everything is gone when I refresh. This is very frustrating.,bug_report,high,synthetic
SYN-00178,,My reports disappear after saving. I get the green success message but everything is gone when I refresh. This is absolutely unacceptable.,bug_report,high,synthetic
SYN-00179,,"Cannot get into my account at all. Password is correct, reset email never arrives. Tried 3 times now.",bug_report,critical,synthetic
SYN-00180,,"Sometimes the notifications works fine, sometimes it just fails silently. No error message. Cannot reproduce consistently but it happens daily.",bug_report,high,synthetic
SYN-00181,,The export stopped working completely. Clicking it does nothing. Tried different browsers — same issue.,bug_report,high,synthetic
SYN-00182,,"Sometimes the notifications works fine, sometimes it just fails silently. No error message. Cannot reproduce consistently but it happens daily.",bug_report,high,synthetic
SYN-00183,,My transactions disappear after saving. I get the green success message but everything is gone when I refresh. This is very frustrating.,bug_report,high,synthetic
SYN-00184,,The bulk edit stopped working completely. Clicking it does nothing. Tried different browsers — same issue.,bug_report,high,synthetic
SYN-00185,,The numbers on the analytics dashboard are wrong. They do not match our actual data at all. Looks like a calculation error.,bug_report,high,synthetic
SYN-00186,,"Cannot get into my account at all. Password is correct, reset email never arrives. Tried 7 times now.",bug_report,critical,synthetic
SYN-00187,,My contacts disappear after saving. I get the green success message but everything is gone when I refresh. This is the third time this month.,bug_report,high,synthetic
SYN-00188,,My records disappear after saving. I get the green success message but everything is gone when I refresh. This is a major issue for our team.,bug_report,high,synthetic
SYN-00189,,"Cannot get into my account at all. Password is correct, reset email never arrives. Tried 30 times now.",bug_report,critical,synthetic
SYN-00190,,My contacts disappear after saving. I get the green success message but everything is gone when I refresh. This is absolutely unacceptable.,bug_report,high,synthetic
SYN-00191,,My reports disappear after saving. I get the green success message but everything is gone when I refresh. This is a major issue for our team.,bug_report,high,synthetic
SYN-00192,,My contacts disappear after saving. I get the green success message but everything is gone when I refresh. This is absolutely unacceptable.,bug_report,high,synthetic
SYN-00193,,All API calls to your service are returning 500 errors for the past week. This is blocking our entire production deployment. Error: Request timeout,bug_report,critical,synthetic
SYN-00194,,The numbers on the reports dashboard are wrong. They do not match our actual data at all. Looks like a calculation error.,bug_report,high,synthetic
SYN-00195,,"Cannot get into my account at all. Password is correct, reset email never arrives. Tried 30 times now.",bug_report,critical,synthetic
SYN-00196,,All API calls to your service are returning 500 errors after we upgraded plans. This is blocking our entire production deployment. Error: 500 Internal Server Error,bug_report,critical,synthetic
SYN-00197,,All API calls to your service are returning 500 errors for the past week. This is blocking our entire production deployment. Error: 500 Internal Server Error,bug_report,critical,synthetic
SYN-00198,,The app crashes randomly throughout the day when I try to upload a file. I am on Android 14. Error message: Authentication failed,bug_report,critical,synthetic
SYN-00199,,The numbers on the analytics dashboard are wrong. They do not match our actual data at all. Looks like a calculation error.,bug_report,high,synthetic
SYN-00200,,My projects disappear after saving. I get the green success message but everything is gone when I refresh. This is absolutely unacceptable.,bug_report,high,synthetic
SYN-00201,,The numbers on the reports dashboard are wrong. They do not match our actual data at all. Looks like a calculation error.,bug_report,high,synthetic
SYN-00202,,All API calls to your service are returning 500 errors since the last update. This is blocking our entire production deployment. Error: Request timeout,bug_report,critical,synthetic
SYN-00203,,The numbers on the reports dashboard are wrong. They do not match our actual data at all. Looks like a calculation error.,bug_report,high,synthetic
SYN-00204,,All API calls to your service are returning 500 errors after we upgraded plans. This is blocking our entire production deployment. Error: Request timeout,bug_report,critical,synthetic
SYN-00205,,My projects disappear after saving. I get the green success message but everything is gone when I refresh. This is the third time this month.,bug_report,high,synthetic
SYN-00206,,All API calls to your service are returning 500 errors starting yesterday. This is blocking our entire production deployment. Error: 500 Internal Server Error,bug_report,critical,synthetic
SYN-00207,,"Cannot get into my account at all. Password is correct, reset email never arrives. Tried 14 times now.",bug_report,critical,synthetic
SYN-00208,,The numbers on the analytics dashboard are wrong. They do not match our actual data at all. Looks like a calculation error.,bug_report,high,synthetic
SYN-00209,,All API calls to your service are returning 500 errors for the past week. This is blocking our entire production deployment. Error: Authentication failed,bug_report,critical,synthetic
SYN-00210,,"Cannot get into my account at all. Password is correct, reset email never arrives. Tried 30 times now.",bug_report,critical,synthetic
SYN-00211,,"Sometimes the bulk edit works fine, sometimes it just fails silently. No error message. Cannot reproduce consistently but it happens daily.",bug_report,high,synthetic
SYN-00212,,My transactions disappear after saving. I get the green success message but everything is gone when I refresh. This is very frustrating.,bug_report,high,synthetic
SYN-00213,,"Cannot get into my account at all. Password is correct, reset email never arrives. Tried 30 times now.",bug_report,critical,synthetic
SYN-00214,,All API calls to your service are returning 500 errors for the past week. This is blocking our entire production deployment. Error: Authentication failed,bug_report,critical,synthetic
SYN-00215,,"Cannot get into my account at all. Password is correct, reset email never arrives. Tried 14 times now.",bug_report,critical,synthetic
SYN-00216,,"Cannot get into my account at all. Password is correct, reset email never arrives. Tried 5 times now.",bug_report,critical,synthetic
SYN-00217,,All API calls to your service are returning 500 errors starting yesterday. This is blocking our entire production deployment. Error: Request timeout,bug_report,critical,synthetic
SYN-00218,,The numbers on the dashboard dashboard are wrong. They do not match our actual data at all. Looks like a calculation error.,bug_report,high,synthetic
SYN-00219,,My invoices disappear after saving. I get the green success message but everything is gone when I refresh. This is a major issue for our team.,bug_report,high,synthetic
SYN-00220,,My contacts disappear after saving. I get the green success message but everything is gone when I refresh. This is very frustrating.,bug_report,high,synthetic
SYN-00221,,The numbers on the reports dashboard are wrong. They do not match our actual data at all. Looks like a calculation error.,bug_report,high,synthetic
SYN-00222,,The export stopped working completely. Clicking it does nothing. Tried different browsers — same issue.,bug_report,high,synthetic
SYN-00223,,The bulk edit stopped working completely. Clicking it does nothing. Tried different browsers — same issue.,bug_report,high,synthetic
SYN-00224,,The app crashes since the last update when I try to run an analysis. I am on Windows 11. Error message: Authentication failed,bug_report,critical,synthetic
SYN-00225,,"Cannot get into my account at all. Password is correct, reset email never arrives. Tried 14 times now.",bug_report,critical,synthetic
SYN-00226,,The numbers on the billing dashboard are wrong. They do not match our actual data at all. Looks like a calculation error.,bug_report,high,synthetic
SYN-00227,,The filters stopped working completely. Clicking it does nothing. Tried different browsers — same issue.,bug_report,high,synthetic
SYN-00228,,The numbers on the settings dashboard are wrong. They do not match our actual data at all. Looks like a calculation error.,bug_report,high,synthetic
SYN-00229,,"Cannot get into my account at all. Password is correct, reset email never arrives. Tried 14 times now.",bug_report,critical,synthetic
SYN-00230,,The export stopped working completely. Clicking it does nothing. Tried different browsers — same issue.,bug_report,high,synthetic
SYN-00231,,The numbers on the dashboard dashboard are wrong. They do not match our actual data at all. Looks like a calculation error.,bug_report,high,synthetic
SYN-00232,,"Sometimes the bulk edit works fine, sometimes it just fails silently. No error message. Cannot reproduce consistently but it happens daily.",bug_report,high,synthetic
SYN-00233,,"Sometimes the notifications works fine, sometimes it just fails silently. No error message. Cannot reproduce consistently but it happens daily.",bug_report,high,synthetic
SYN-00234,,The export stopped working completely. Clicking it does nothing. Tried different browsers — same issue.,bug_report,high,synthetic
SYN-00235,,"Sometimes the filters works fine, sometimes it just fails silently. No error message. Cannot reproduce consistently but it happens daily.",bug_report,high,synthetic
SYN-00236,,All API calls to your service are returning 500 errors since the last update. This is blocking our entire production deployment. Error: Request timeout,bug_report,critical,synthetic
SYN-00237,,All API calls to your service are returning 500 errors since the last update. This is blocking our entire production deployment. Error: 500 Internal Server Error,bug_report,critical,synthetic
SYN-00238,,"Cannot get into my account at all. Password is correct, reset email never arrives. Tried 5 times now.",bug_report,critical,synthetic
SYN-00239,,"Sometimes the notifications works fine, sometimes it just fails silently. No error message. Cannot reproduce consistently but it happens daily.",bug_report,high,synthetic
SYN-00240,,The numbers on the billing dashboard are wrong. They do not match our actual data at all. Looks like a calculation error.,bug_report,high,synthetic
SYN-00241,,All API calls to your service are returning 500 errors for the past week. This is blocking our entire production deployment. Error: Authentication failed,bug_report,critical,synthetic
SYN-00242,,"Sometimes the notifications works fine, sometimes it just fails silently. No error message. Cannot reproduce consistently but it happens daily.",bug_report,high,synthetic
SYN-00243,,All API calls to your service are returning 500 errors randomly throughout the day. This is blocking our entire production deployment. Error: Authentication failed,bug_report,critical,synthetic
SYN-00244,,"Cannot get into my account at all. Password is correct, reset email never arrives. Tried 30 times now.",bug_report,critical,synthetic
SYN-00245,,"Cannot get into my account at all. Password is correct, reset email never arrives. Tried 5 times now.",bug_report,critical,synthetic
SYN-00246,,The numbers on the settings dashboard are wrong. They do not match our actual data at all. Looks like a calculation error.,bug_report,high,synthetic
SYN-00247,,"Cannot get into my account at all. Password is correct, reset email never arrives. Tried 7 times now.",bug_report,critical,synthetic
SYN-00248,,"Sometimes the export works fine, sometimes it just fails silently. No error message. Cannot reproduce consistently but it happens daily.",bug_report,high,synthetic
SYN-00249,,"Sometimes the filters works fine, sometimes it just fails silently. No error message. Cannot reproduce consistently but it happens daily.",bug_report,high,synthetic
SYN-00250,,My invoices disappear after saving. I get the green success message but everything is gone when I refresh. This is causing us serious problems.,bug_report,high,synthetic
SYN-00251,,The numbers on the analytics dashboard are wrong. They do not match our actual data at all. Looks like a calculation error.,bug_report,high,synthetic
SYN-00252,,My projects disappear after saving. I get the green success message but everything is gone when I refresh. This is absolutely unacceptable.,bug_report,high,synthetic
SYN-00253,,The numbers on the reports dashboard are wrong. They do not match our actual data at all. Looks like a calculation error.,bug_report,high,synthetic
SYN-00254,,The search stopped working completely. Clicking it does nothing. Tried different browsers — same issue.,bug_report,high,synthetic
SYN-00255,,My transactions disappear after saving. I get the green success message but everything is gone when I refresh. This is a major issue for our team.,bug_report,high,synthetic
SYN-00256,,The app crashes after we upgraded plans when I try to export a report. I am on Windows 11. Error message: 500 Internal Server Error,bug_report,critical,synthetic
SYN-00257,,The numbers on the analytics dashboard are wrong. They do not match our actual data at all. Looks like a calculation error.,bug_report,high,synthetic
SYN-00258,,The numbers on the analytics dashboard are wrong. They do not match our actual data at all. Looks like a calculation error.,bug_report,high,synthetic
SYN-00259,,The app crashes randomly throughout the day when I try to run an analysis. I am on Android 14. Error message: Request timeout,bug_report,critical,synthetic
SYN-00260,,"Cannot get into my account at all. Password is correct, reset email never arrives. Tried 14 times now.",bug_report,critical,synthetic
SYN-00261,,The app crashes randomly throughout the day when I try to run an analysis. I am on Windows 11. Error message: Request timeout,bug_report,critical,synthetic
SYN-00262,,The numbers on the dashboard dashboard are wrong. They do not match our actual data at all. Looks like a calculation error.,bug_report,high,synthetic
SYN-00263,,"Sometimes the the dashboard works fine, sometimes it just fails silently. No error message. Cannot reproduce consistently but it happens daily.",bug_report,high,synthetic
SYN-00264,,"Cannot get into my account at all. Password is correct, reset email never arrives. Tried 14 times now.",bug_report,critical,synthetic
SYN-00265,,The app crashes after we upgraded plans when I try to save my changes. I am on iOS 17. Error message: Request timeout,bug_report,critical,synthetic
SYN-00266,,All API calls to your service are returning 500 errors randomly throughout the day. This is blocking our entire production deployment. Error: Authentication failed,bug_report,critical,synthetic
SYN-00267,,"Sometimes the the dashboard works fine, sometimes it just fails silently. No error message. Cannot reproduce consistently but it happens daily.",bug_report,high,synthetic
SYN-00268,,The notifications stopped working completely. Clicking it does nothing. Tried different browsers — same issue.,bug_report,high,synthetic
SYN-00269,,The search stopped working completely. Clicking it does nothing. Tried different browsers — same issue.,bug_report,high,synthetic
SYN-00270,,"Cannot get into my account at all. Password is correct, reset email never arrives. Tried 14 times now.",bug_report,critical,synthetic
SYN-00271,,The app crashes after we upgraded plans when I try to save my changes. I am on Android 14. Error message: Authentication failed,bug_report,critical,synthetic
SYN-00272,,The numbers on the analytics dashboard are wrong. They do not match our actual data at all. Looks like a calculation error.,bug_report,high,synthetic
SYN-00273,,"Sometimes the notifications works fine, sometimes it just fails silently. No error message. Cannot reproduce consistently but it happens daily.",bug_report,high,synthetic
SYN-00274,,The the dashboard stopped working completely. Clicking it does nothing. Tried different browsers — same issue.,bug_report,high,synthetic
SYN-00275,,All API calls to your service are returning 500 errors after we upgraded plans. This is blocking our entire production deployment. Error: 500 Internal Server Error,bug_report,critical,synthetic
SYN-00276,,All API calls to your service are returning 500 errors since the last update. This is blocking our entire production deployment. Error: Authentication failed,bug_report,critical,synthetic
SYN-00277,,The app crashes starting yesterday when I try to export a report. I am on Android 14. Error message: Request timeout,bug_report,critical,synthetic
SYN-00278,,The app crashes starting yesterday when I try to run an analysis. I am on iOS 17. Error message: Request timeout,bug_report,critical,synthetic
SYN-00279,,"Cannot get into my account at all. Password is correct, reset email never arrives. Tried 7 times now.",bug_report,critical,synthetic
SYN-00280,,My projects disappear after saving. I get the green success message but everything is gone when I refresh. This is the third time this month.,bug_report,high,synthetic
SYN-00281,,"Sometimes the notifications works fine, sometimes it just fails silently. No error message. Cannot reproduce consistently but it happens daily.",bug_report,high,synthetic
SYN-00282,,My contacts disappear after saving. I get the green success message but everything is gone when I refresh. This is causing us serious problems.,bug_report,high,synthetic
SYN-00283,,The app crashes starting yesterday when I try to upload a file. I am on Ubuntu 22. Error message: Request timeout,bug_report,critical,synthetic
SYN-00284,,The numbers on the dashboard dashboard are wrong. They do not match our actual data at all. Looks like a calculation error.,bug_report,high,synthetic
SYN-00285,,"Sometimes the filters works fine, sometimes it just fails silently. No error message. Cannot reproduce consistently but it happens daily.",bug_report,high,synthetic
SYN-00286,,The app crashes since the last update when I try to export a report. I am on macOS Ventura. Error message: 500 Internal Server Error,bug_report,critical,synthetic
SYN-00287,,All API calls to your service are returning 500 errors starting yesterday. This is blocking our entire production deployment. Error: 500 Internal Server Error,bug_report,critical,synthetic
SYN-00288,,The notifications stopped working completely. Clicking it does nothing. Tried different browsers — same issue.,bug_report,high,synthetic
SYN-00289,,The numbers on the dashboard dashboard are wrong. They do not match our actual data at all. Looks like a calculation error.,bug_report,high,synthetic
SYN-00290,,All API calls to your service are returning 500 errors after we upgraded plans. This is blocking our entire production deployment. Error: 500 Internal Server Error,bug_report,critical,synthetic
SYN-00291,,The numbers on the reports dashboard are wrong. They do not match our actual data at all. Looks like a calculation error.,bug_report,high,synthetic
SYN-00292,,"Sometimes the search works fine, sometimes it just fails silently. No error message. Cannot reproduce consistently but it happens daily.",bug_report,high,synthetic
SYN-00293,,The the dashboard stopped working completely. Clicking it does nothing. Tried different browsers — same issue.,bug_report,high,synthetic
SYN-00294,,All API calls to your service are returning 500 errors since the last update. This is blocking our entire production deployment. Error: Authentication failed,bug_report,critical,synthetic
SYN-00295,,"Sometimes the export works fine, sometimes it just fails silently. No error message. Cannot reproduce consistently but it happens daily.",bug_report,high,synthetic
SYN-00296,,My contacts disappear after saving. I get the green success message but everything is gone when I refresh. This is a major issue for our team.,bug_report,high,synthetic
SYN-00297,,The app crashes starting yesterday when I try to run an analysis. I am on iOS 17. Error message: Request timeout,bug_report,critical,synthetic
SYN-00298,,The app crashes for the past week when I try to export a report. I am on Ubuntu 22. Error message: 500 Internal Server Error,bug_report,critical,synthetic
SYN-00299,,"Sometimes the filters works fine, sometimes it just fails silently. No error message. Cannot reproduce consistently but it happens daily.",bug_report,high,synthetic
SYN-00300,,All API calls to your service are returning 500 errors randomly throughout the day. This is blocking our entire production deployment. Error: 500 Internal Server Error,bug_report,critical,synthetic
SYN-00301,,We would love API access to contacts so we can build our own integrations. Is this on the roadmap at all?,feature_request,normal,synthetic
SYN-00302,,Please add bulk run an analysis for tasks. Doing it one at a time for 500+ records is absolutely unacceptable.,feature_request,normal,synthetic
SYN-00303,,Would love email or Slack notifications when a task gets assigned to me. I miss things because I cannot monitor the dashboard all day.,feature_request,normal,synthetic
SYN-00304,,Please add bulk upload a file for transactions. Doing it one at a time for 500+ records is causing us serious problems.,feature_request,normal,synthetic
SYN-00305,,Any plans for a dark mode? Spending all day in the tool and the bright white interface is really straining my eyes.,feature_request,normal,synthetic
SYN-00306,,"Does Salesforce integration exist? If not, any plans to add it? It would completely change our workflow.",feature_request,normal,synthetic
SYN-00307,,Is there a mobile app or is one planned? I need to check on things when I am away from my desk.,feature_request,normal,synthetic
SYN-00308,,We would love API access to projects so we can build our own integrations. Is this on the roadmap at all?,feature_request,normal,synthetic
SYN-00309,,Is there a mobile app or is one planned? I need to check on things when I am away from my desk.,feature_request,normal,synthetic
SYN-00310,,We desperately need the ability to export projects to Excel. Currently copying everything manually which takes hours.,feature_request,normal,synthetic
SYN-00311,,Is there a mobile app or is one planned? I need to check on things when I am away from my desk.,feature_request,normal,synthetic
SYN-00312,,Would love email or Slack notifications when a task gets assigned to me. I miss things because I cannot monitor the dashboard all day.,feature_request,normal,synthetic
SYN-00313,,Please add bulk run an analysis for transactions. Doing it one at a time for 500+ records is causing us serious problems.,feature_request,normal,synthetic
SYN-00314,,We would love API access to records so we can build our own integrations. Is this on the roadmap at all?,feature_request,normal,synthetic
SYN-00315,,Would love email or Slack notifications when a report finishes. I miss things because I cannot monitor the dashboard all day.,feature_request,normal,synthetic
SYN-00316,,Please add bulk export a report for contacts. Doing it one at a time for 500+ records is the third time this month.,feature_request,normal,synthetic
SYN-00317,,"Does HubSpot integration exist? If not, any plans to add it? It would completely change our workflow.",feature_request,normal,synthetic
SYN-00318,,We would love API access to projects so we can build our own integrations. Is this on the roadmap at all?,feature_request,normal,synthetic
SYN-00319,,Would love email or Slack notifications when a task gets assigned to me. I miss things because I cannot monitor the dashboard all day.,feature_request,normal,synthetic
SYN-00320,,Is there a mobile app or is one planned? I need to check on things when I am away from my desk.,feature_request,normal,synthetic
SYN-00321,,"Does Salesforce integration exist? If not, any plans to add it? It would completely change our workflow.",feature_request,normal,synthetic
SYN-00322,,Any plans for a dark mode? Spending all day in the tool and the bright white interface is really straining my eyes.,feature_request,normal,synthetic
SYN-00323,,"Does QuickBooks integration exist? If not, any plans to add it? It would completely change our workflow.",feature_request,normal,synthetic
SYN-00324,,Please add bulk export a report for transactions. Doing it one at a time for 500+ records is very frustrating.,feature_request,normal,synthetic
SYN-00325,,Please add bulk save my changes for tasks. Doing it one at a time for 500+ records is the third time this month.,feature_request,normal,synthetic
SYN-00326,,Would love email or Slack notifications when a task gets assigned to me. I miss things because I cannot monitor the dashboard all day.,feature_request,normal,synthetic
SYN-00327,,Please add bulk upload a file for invoices. Doing it one at a time for 500+ records is very frustrating.,feature_request,normal,synthetic
SYN-00328,,Any plans for a dark mode? Spending all day in the tool and the bright white interface is really straining my eyes.,feature_request,normal,synthetic
SYN-00329,,We desperately need the ability to export records to JSON. Currently copying everything manually which takes hours.,feature_request,normal,synthetic
SYN-00330,,"Does Notion integration exist? If not, any plans to add it? It would completely change our workflow.",feature_request,normal,synthetic
SYN-00331,,We would love API access to reports so we can build our own integrations. Is this on the roadmap at all?,feature_request,normal,synthetic
SYN-00332,,Is there a mobile app or is one planned? I need to check on things when I am away from my desk.,feature_request,normal,synthetic
SYN-00333,,"Does Jira integration exist? If not, any plans to add it? It would completely change our workflow.",feature_request,normal,synthetic
SYN-00334,,Is there a mobile app or is one planned? I need to check on things when I am away from my desk.,feature_request,normal,synthetic
SYN-00335,,"Does Zapier integration exist? If not, any plans to add it? It would completely change our workflow.",feature_request,normal,synthetic
SYN-00336,,We would love API access to contacts so we can build our own integrations. Is this on the roadmap at all?,feature_request,normal,synthetic
SYN-00337,,Any plans for a dark mode? Spending all day in the tool and the bright white interface is really straining my eyes.,feature_request,normal,synthetic
SYN-00338,,Please add bulk export a report for transactions. Doing it one at a time for 500+ records is very frustrating.,feature_request,normal,synthetic
SYN-00339,,Please add bulk save my changes for transactions. Doing it one at a time for 500+ records is a major issue for our team.,feature_request,normal,synthetic
SYN-00340,,Would love email or Slack notifications when a report finishes. I miss things because I cannot monitor the dashboard all day.,feature_request,normal,synthetic
SYN-00341,,"Does Jira integration exist? If not, any plans to add it? It would completely change our workflow.",feature_request,normal,synthetic
SYN-00342,,Would love email or Slack notifications when a report finishes. I miss things because I cannot monitor the dashboard all day.,feature_request,normal,synthetic
SYN-00343,,Please add bulk run an analysis for tasks. Doing it one at a time for 500+ records is the third time this month.,feature_request,normal,synthetic
SYN-00344,,Please add bulk export a report for contacts. Doing it one at a time for 500+ records is very frustrating.,feature_request,normal,synthetic
SYN-00345,,Please add bulk upload a file for invoices. Doing it one at a time for 500+ records is very frustrating.,feature_request,normal,synthetic
SYN-00346,,We desperately need the ability to export reports to JSON. Currently copying everything manually which takes hours.,feature_request,normal,synthetic
SYN-00347,,Please add bulk save my changes for contacts. Doing it one at a time for 500+ records is very frustrating.,feature_request,normal,synthetic
SYN-00348,,Please add bulk export a report for tasks. Doing it one at a time for 500+ records is very frustrating.,feature_request,normal,synthetic
SYN-00349,,Please add bulk upload a file for invoices. Doing it one at a time for 500+ records is very frustrating.,feature_request,normal,synthetic
SYN-00350,,Please add bulk upload a file for contacts. Doing it one at a time for 500+ records is a major issue for our team.,feature_request,normal,synthetic
SYN-00351,,Please add bulk export a report for transactions. Doing it one at a time for 500+ records is absolutely unacceptable.,feature_request,normal,synthetic
SYN-00352,,We would love API access to contacts so we can build our own integrations. Is this on the roadmap at all?,feature_request,normal,synthetic
SYN-00353,,Would love email or Slack notifications when a report finishes. I miss things because I cannot monitor the dashboard all day.,feature_request,normal,synthetic
SYN-00354,,"Does Zapier integration exist? If not, any plans to add it? It would completely change our workflow.",feature_request,normal,synthetic
SYN-00355,,"Does Salesforce integration exist? If not, any plans to add it? It would completely change our workflow.",feature_request,normal,synthetic
SYN-00356,,We desperately need the ability to export contacts to PDF. Currently copying everything manually which takes hours.,feature_request,normal,synthetic
SYN-00357,,We would love API access to projects so we can build our own integrations. Is this on the roadmap at all?,feature_request,normal,synthetic
SYN-00358,,Any plans for a dark mode? Spending all day in the tool and the bright white interface is really straining my eyes.,feature_request,normal,synthetic
SYN-00359,,We would love API access to contacts so we can build our own integrations. Is this on the roadmap at all?,feature_request,normal,synthetic
SYN-00360,,"Does Zapier integration exist? If not, any plans to add it? It would completely change our workflow.",feature_request,normal,synthetic
SYN-00361,,Any plans for a dark mode? Spending all day in the tool and the bright white interface is really straining my eyes.,feature_request,normal,synthetic
SYN-00362,,Would love email or Slack notifications when a task gets assigned to me. I miss things because I cannot monitor the dashboard all day.,feature_request,normal,synthetic
SYN-00363,,Is there a mobile app or is one planned? I need to check on things when I am away from my desk.,feature_request,normal,synthetic
SYN-00364,,Any plans for a dark mode? Spending all day in the tool and the bright white interface is really straining my eyes.,feature_request,normal,synthetic
SYN-00365,,We desperately need the ability to export reports to Google Sheets. Currently copying everything manually which takes hours.,feature_request,normal,synthetic
SYN-00366,,Please add bulk upload a file for records. Doing it one at a time for 500+ records is absolutely unacceptable.,feature_request,normal,synthetic
SYN-00367,,Would love email or Slack notifications when a report finishes. I miss things because I cannot monitor the dashboard all day.,feature_request,normal,synthetic
SYN-00368,,Would love email or Slack notifications when a task gets assigned to me. I miss things because I cannot monitor the dashboard all day.,feature_request,normal,synthetic
SYN-00369,,We would love API access to invoices so we can build our own integrations. Is this on the roadmap at all?,feature_request,normal,synthetic
SYN-00370,,We desperately need the ability to export invoices to JSON. Currently copying everything manually which takes hours.,feature_request,normal,synthetic
SYN-00371,,"Does Zapier integration exist? If not, any plans to add it? It would completely change our workflow.",feature_request,normal,synthetic
SYN-00372,,Please add bulk run an analysis for tasks. Doing it one at a time for 500+ records is a major issue for our team.,feature_request,normal,synthetic
SYN-00373,,Would love email or Slack notifications when a payment fails. I miss things because I cannot monitor the dashboard all day.,feature_request,normal,synthetic
SYN-00374,,Would love email or Slack notifications when a task gets assigned to me. I miss things because I cannot monitor the dashboard all day.,feature_request,normal,synthetic
SYN-00375,,Any plans for a dark mode? Spending all day in the tool and the bright white interface is really straining my eyes.,feature_request,normal,synthetic
SYN-00376,,We would love API access to reports so we can build our own integrations. Is this on the roadmap at all?,feature_request,normal,synthetic
SYN-00377,,Is there a mobile app or is one planned? I need to check on things when I am away from my desk.,feature_request,normal,synthetic
SYN-00378,,We desperately need the ability to export transactions to CSV. Currently copying everything manually which takes hours.,feature_request,normal,synthetic
SYN-00379,,We desperately need the ability to export reports to Excel. Currently copying everything manually which takes hours.,feature_request,normal,synthetic
SYN-00380,,Would love email or Slack notifications when a payment fails. I miss things because I cannot monitor the dashboard all day.,feature_request,normal,synthetic
SYN-00381,,We desperately need the ability to export contacts to JSON. Currently copying everything manually which takes hours.,feature_request,normal,synthetic
SYN-00382,,"Does Jira integration exist? If not, any plans to add it? It would completely change our workflow.",feature_request,normal,synthetic
SYN-00383,,Would love email or Slack notifications when a report finishes. I miss things because I cannot monitor the dashboard all day.,feature_request,normal,synthetic
SYN-00384,,Please add bulk upload a file for records. Doing it one at a time for 500+ records is the third time this month.,feature_request,normal,synthetic
SYN-00385,,Is there a mobile app or is one planned? I need to check on things when I am away from my desk.,feature_request,normal,synthetic
SYN-00386,,Please add bulk run an analysis for contacts. Doing it one at a time for 500+ records is very frustrating.,feature_request,normal,synthetic
SYN-00387,,Please add bulk export a report for transactions. Doing it one at a time for 500+ records is absolutely unacceptable.,feature_request,normal,synthetic
SYN-00388,,Would love email or Slack notifications when a payment fails. I miss things because I cannot monitor the dashboard all day.,feature_request,normal,synthetic
SYN-00389,,Is there a mobile app or is one planned? I need to check on things when I am away from my desk.,feature_request,normal,synthetic
SYN-00390,,We desperately need the ability to export transactions to Excel. Currently copying everything manually which takes hours.,feature_request,normal,synthetic
SYN-00391,,Any plans for a dark mode? Spending all day in the tool and the bright white interface is really straining my eyes.,feature_request,normal,synthetic
SYN-00392,,Any plans for a dark mode? Spending all day in the tool and the bright white interface is really straining my eyes.,feature_request,normal,synthetic
SYN-00393,,We desperately need the ability to export transactions to Google Sheets. Currently copying everything manually which takes hours.,feature_request,normal,synthetic
SYN-00394,,Is there a mobile app or is one planned? I need to check on things when I am away from my desk.,feature_request,normal,synthetic
SYN-00395,,We would love API access to invoices so we can build our own integrations. Is this on the roadmap at all?,feature_request,normal,synthetic
SYN-00396,,Please add bulk run an analysis for contacts. Doing it one at a time for 500+ records is causing us serious problems.,feature_request,normal,synthetic
SYN-00397,,Is there a mobile app or is one planned? I need to check on things when I am away from my desk.,feature_request,normal,synthetic
SYN-00398,,Please add bulk run an analysis for tasks. Doing it one at a time for 500+ records is a major issue for our team.,feature_request,normal,synthetic
SYN-00399,,Would love email or Slack notifications when a report finishes. I miss things because I cannot monitor the dashboard all day.,feature_request,normal,synthetic
SYN-00400,,"Does Slack integration exist? If not, any plans to add it? It would completely change our workflow.",feature_request,normal,synthetic
SYN-00401,,Would love email or Slack notifications when a payment fails. I miss things because I cannot monitor the dashboard all day.,feature_request,normal,synthetic
SYN-00402,,"Does Jira integration exist? If not, any plans to add it? It would completely change our workflow.",feature_request,normal,synthetic
SYN-00403,,Please add bulk save my changes for contacts. Doing it one at a time for 500+ records is absolutely unacceptable.,feature_request,normal,synthetic
SYN-00404,,We desperately need the ability to export records to Google Sheets. Currently copying everything manually which takes hours.,feature_request,normal,synthetic
SYN-00405,,Would love email or Slack notifications when a payment fails. I miss things because I cannot monitor the dashboard all day.,feature_request,normal,synthetic
SYN-00406,,We would love API access to records so we can build our own integrations. Is this on the roadmap at all?,feature_request,normal,synthetic
SYN-00407,,We would love API access to transactions so we can build our own integrations. Is this on the roadmap at all?,feature_request,normal,synthetic
SYN-00408,,Would love email or Slack notifications when a payment fails. I miss things because I cannot monitor the dashboard all day.,feature_request,normal,synthetic
SYN-00409,,We would love API access to reports so we can build our own integrations. Is this on the roadmap at all?,feature_request,normal,synthetic
SYN-00410,,"Does Notion integration exist? If not, any plans to add it? It would completely change our workflow.",feature_request,normal,synthetic
SYN-00411,,Is there a mobile app or is one planned? I need to check on things when I am away from my desk.,feature_request,normal,synthetic
SYN-00412,,"Does Salesforce integration exist? If not, any plans to add it? It would completely change our workflow.",feature_request,normal,synthetic
SYN-00413,,We desperately need the ability to export invoices to JSON. Currently copying everything manually which takes hours.,feature_request,normal,synthetic
SYN-00414,,Is there a mobile app or is one planned? I need to check on things when I am away from my desk.,feature_request,normal,synthetic
SYN-00415,,We would love API access to projects so we can build our own integrations. Is this on the roadmap at all?,feature_request,normal,synthetic
SYN-00416,,Any plans for a dark mode? Spending all day in the tool and the bright white interface is really straining my eyes.,feature_request,normal,synthetic
SYN-00417,,"Does Salesforce integration exist? If not, any plans to add it? It would completely change our workflow.",feature_request,normal,synthetic
SYN-00418,,"Does Salesforce integration exist? If not, any plans to add it? It would completely change our workflow.",feature_request,normal,synthetic
SYN-00419,,Please add bulk upload a file for records. Doing it one at a time for 500+ records is the third time this month.,feature_request,normal,synthetic
SYN-00420,,"Does Jira integration exist? If not, any plans to add it? It would completely change our workflow.",feature_request,normal,synthetic
SYN-00421,,"Does Salesforce integration exist? If not, any plans to add it? It would completely change our workflow.",feature_request,normal,synthetic
SYN-00422,,Is there a mobile app or is one planned? I need to check on things when I am away from my desk.,feature_request,normal,synthetic
SYN-00423,,"Does QuickBooks integration exist? If not, any plans to add it? It would completely change our workflow.",feature_request,normal,synthetic
SYN-00424,,We would love API access to invoices so we can build our own integrations. Is this on the roadmap at all?,feature_request,normal,synthetic
SYN-00425,,Any plans for a dark mode? Spending all day in the tool and the bright white interface is really straining my eyes.,feature_request,normal,synthetic
SYN-00426,,"Does Slack integration exist? If not, any plans to add it? It would completely change our workflow.",feature_request,normal,synthetic
SYN-00427,,Please add bulk save my changes for tasks. Doing it one at a time for 500+ records is absolutely unacceptable.,feature_request,normal,synthetic
SYN-00428,,We would love API access to projects so we can build our own integrations. Is this on the roadmap at all?,feature_request,normal,synthetic
SYN-00429,,We would love API access to invoices so we can build our own integrations. Is this on the roadmap at all?,feature_request,normal,synthetic
SYN-00430,,We would love API access to contacts so we can build our own integrations. Is this on the roadmap at all?,feature_request,normal,synthetic
SYN-00431,,Is there a mobile app or is one planned? I need to check on things when I am away from my desk.,feature_request,normal,synthetic
SYN-00432,,We would love API access to invoices so we can build our own integrations. Is this on the roadmap at all?,feature_request,normal,synthetic
SYN-00433,,"Does Zapier integration exist? If not, any plans to add it? It would completely change our workflow.",feature_request,normal,synthetic
SYN-00434,,Any plans for a dark mode? Spending all day in the tool and the bright white interface is really straining my eyes.,feature_request,normal,synthetic
SYN-00435,,We desperately need the ability to export invoices to PDF. Currently copying everything manually which takes hours.,feature_request,normal,synthetic
SYN-00436,,Would love email or Slack notifications when a report finishes. I miss things because I cannot monitor the dashboard all day.,feature_request,normal,synthetic
SYN-00437,,Is there a mobile app or is one planned? I need to check on things when I am away from my desk.,feature_request,normal,synthetic
SYN-00438,,"Does QuickBooks integration exist? If not, any plans to add it? It would completely change our workflow.",feature_request,normal,synthetic
SYN-00439,,Any plans for a dark mode? Spending all day in the tool and the bright white interface is really straining my eyes.,feature_request,normal,synthetic
SYN-00440,,We desperately need the ability to export transactions to Google Sheets. Currently copying everything manually which takes hours.,feature_request,normal,synthetic
SYN-00441,,We desperately need the ability to export transactions to JSON. Currently copying everything manually which takes hours.,feature_request,normal,synthetic
SYN-00442,,Is there a mobile app or is one planned? I need to check on things when I am away from my desk.,feature_request,normal,synthetic
SYN-00443,,"Does Slack integration exist? If not, any plans to add it? It would completely change our workflow.",feature_request,normal,synthetic
SYN-00444,,Any plans for a dark mode? Spending all day in the tool and the bright white interface is really straining my eyes.,feature_request,normal,synthetic
SYN-00445,,Is there a mobile app or is one planned? I need to check on things when I am away from my desk.,feature_request,normal,synthetic
SYN-00446,,Would love email or Slack notifications when a payment fails. I miss things because I cannot monitor the dashboard all day.,feature_request,normal,synthetic
SYN-00447,,Is there a mobile app or is one planned? I need to check on things when I am away from my desk.,feature_request,normal,synthetic
SYN-00448,,We desperately need the ability to export transactions to Google Sheets. Currently copying everything manually which takes hours.,feature_request,normal,synthetic
SYN-00449,,Any plans for a dark mode? Spending all day in the tool and the bright white interface is really straining my eyes.,feature_request,normal,synthetic
SYN-00450,,Would love email or Slack notifications when a report finishes. I miss things because I cannot monitor the dashboard all day.,feature_request,normal,synthetic
SYN-00451,,Completely locked out. Have not been able to log in for 5 days. Reset emails are not coming through.,account_access,high,synthetic
SYN-00452,,Completely locked out. Have not been able to log in for 14 days. Reset emails are not coming through.,account_access,high,synthetic
SYN-00453,,Completely locked out. Have not been able to log in for 5 days. Reset emails are not coming through.,account_access,high,synthetic
SYN-00454,,Lost my authenticator app. Cannot get past 2FA. Have backup codes but they are not being accepted. This is urgent.,account_access,critical,synthetic
SYN-00455,,Our SSO login is broken for the past week. The whole team cannot access the platform. This is completely blocking us.,account_access,critical,synthetic
SYN-00456,,I accidentally created two accounts. Can they be merged? I want to keep all the data from both if possible.,account_access,normal,synthetic
SYN-00457,,Our SSO login is broken for the past week. The whole team cannot access the platform. This is completely blocking us.,account_access,critical,synthetic
SYN-00458,,Lost my authenticator app. Cannot get past 2FA. Have backup codes but they are not being accepted. This is urgent.,account_access,critical,synthetic
SYN-00459,,Lost my authenticator app. Cannot get past 2FA. Have backup codes but they are not being accepted. This is urgent.,account_access,critical,synthetic
SYN-00460,,Lost my authenticator app. Cannot get past 2FA. Have backup codes but they are not being accepted. This is urgent.,account_access,critical,synthetic
SYN-00461,,Need to move my account to a different email address. Old email is no longer accessible. What is the process?,account_access,normal,synthetic
SYN-00462,,Lost my authenticator app. Cannot get past 2FA. Have backup codes but they are not being accepted. This is urgent.,account_access,critical,synthetic
SYN-00463,,I accidentally created two accounts. Can they be merged? I want to keep all the data from both if possible.,account_access,normal,synthetic
SYN-00464,,Need to move my account to a different email address. Old email is no longer accessible. What is the process?,account_access,normal,synthetic
SYN-00465,,Lost my authenticator app. Cannot get past 2FA. Have backup codes but they are not being accepted. This is urgent.,account_access,critical,synthetic
SYN-00466,,Need to move my account to a different email address. Old email is no longer accessible. What is the process?,account_access,normal,synthetic
SYN-00467,,I accidentally created two accounts. Can they be merged? I want to keep all the data from both if possible.,account_access,normal,synthetic
SYN-00468,,I accidentally created two accounts. Can they be merged? I want to keep all the data from both if possible.,account_access,normal,synthetic
SYN-00469,,Our SSO login is broken starting yesterday. The whole team cannot access the platform. This is completely blocking us.,account_access,critical,synthetic
SYN-00470,,Completely locked out. Have not been able to log in for 7 days. Reset emails are not coming through.,account_access,high,synthetic
SYN-00471,,Lost my authenticator app. Cannot get past 2FA. Have backup codes but they are not being accepted. This is urgent.,account_access,critical,synthetic
SYN-00472,,How do I add a new team member with read-only access? We are on the Team plan and cannot figure out the settings.,account_access,normal,synthetic
SYN-00473,,Completely locked out. Have not been able to log in for 7 days. Reset emails are not coming through.,account_access,high,synthetic
SYN-00474,,Our SSO login is broken for the past week. The whole team cannot access the platform. This is completely blocking us.,account_access,critical,synthetic
SYN-00475,,I accidentally created two accounts. Can they be merged? I want to keep all the data from both if possible.,account_access,normal,synthetic
SYN-00476,,I accidentally created two accounts. Can they be merged? I want to keep all the data from both if possible.,account_access,normal,synthetic
SYN-00477,,Our SSO login is broken after we upgraded plans. The whole team cannot access the platform. This is completely blocking us.,account_access,critical,synthetic
SYN-00478,,Need to move my account to a different email address. Old email is no longer accessible. What is the process?,account_access,normal,synthetic
SYN-00479,,Lost my authenticator app. Cannot get past 2FA. Have backup codes but they are not being accepted. This is urgent.,account_access,critical,synthetic
SYN-00480,,I accidentally created two accounts. Can they be merged? I want to keep all the data from both if possible.,account_access,normal,synthetic
SYN-00481,,Lost my authenticator app. Cannot get past 2FA. Have backup codes but they are not being accepted. This is urgent.,account_access,critical,synthetic
SYN-00482,,How do I add a new team member with billing manager access? We are on the Enterprise plan and cannot figure out the settings.,account_access,normal,synthetic
SYN-00483,,Lost my authenticator app. Cannot get past 2FA. Have backup codes but they are not being accepted. This is urgent.,account_access,critical,synthetic
SYN-00484,,How do I add a new team member with editor access? We are on the Business plan and cannot figure out the settings.,account_access,normal,synthetic
SYN-00485,,I accidentally created two accounts. Can they be merged? I want to keep all the data from both if possible.,account_access,normal,synthetic
SYN-00486,,Lost my authenticator app. Cannot get past 2FA. Have backup codes but they are not being accepted. This is urgent.,account_access,critical,synthetic
SYN-00487,,Need to move my account to a different email address. Old email is no longer accessible. What is the process?,account_access,normal,synthetic
SYN-00488,,Lost my authenticator app. Cannot get past 2FA. Have backup codes but they are not being accepted. This is urgent.,account_access,critical,synthetic
SYN-00489,,Completely locked out. Have not been able to log in for 7 days. Reset emails are not coming through.,account_access,high,synthetic
SYN-00490,,Our SSO login is broken after we upgraded plans. The whole team cannot access the platform. This is completely blocking us.,account_access,critical,synthetic
SYN-00491,,Our SSO login is broken after we upgraded plans. The whole team cannot access the platform. This is completely blocking us.,account_access,critical,synthetic
SYN-00492,,Lost my authenticator app. Cannot get past 2FA. Have backup codes but they are not being accepted. This is urgent.,account_access,critical,synthetic
SYN-00493,,Our SSO login is broken starting yesterday. The whole team cannot access the platform. This is completely blocking us.,account_access,critical,synthetic
SYN-00494,,Lost my authenticator app. Cannot get past 2FA. Have backup codes but they are not being accepted. This is urgent.,account_access,critical,synthetic
SYN-00495,,Completely locked out. Have not been able to log in for 5 days. Reset emails are not coming through.,account_access,high,synthetic
SYN-00496,,I accidentally created two accounts. Can they be merged? I want to keep all the data from both if possible.,account_access,normal,synthetic
SYN-00497,,I accidentally created two accounts. Can they be merged? I want to keep all the data from both if possible.,account_access,normal,synthetic
SYN-00498,,How do I add a new team member with billing manager access? We are on the Pro plan and cannot figure out the settings.,account_access,normal,synthetic
SYN-00499,,Completely locked out. Have not been able to log in for 30 days. Reset emails are not coming through.,account_access,high,synthetic
SYN-00500,,Lost my authenticator app. Cannot get past 2FA. Have backup codes but they are not being accepted. This is urgent.,account_access,critical,synthetic
SYN-00501,,Completely locked out. Have not been able to log in for 5 days. Reset emails are not coming through.,account_access,high,synthetic
SYN-00502,,Lost my authenticator app. Cannot get past 2FA. Have backup codes but they are not being accepted. This is urgent.,account_access,critical,synthetic
SYN-00503,,Our SSO login is broken starting yesterday. The whole team cannot access the platform. This is completely blocking us.,account_access,critical,synthetic
SYN-00504,,Completely locked out. Have not been able to log in for 14 days. Reset emails are not coming through.,account_access,high,synthetic
SYN-00505,,How do I add a new team member with billing manager access? We are on the Enterprise plan and cannot figure out the settings.,account_access,normal,synthetic
SYN-00506,,Our SSO login is broken since the last update. The whole team cannot access the platform. This is completely blocking us.,account_access,critical,synthetic
SYN-00507,,How do I add a new team member with billing manager access? We are on the Basic plan and cannot figure out the settings.,account_access,normal,synthetic
SYN-00508,,How do I add a new team member with billing manager access? We are on the Basic plan and cannot figure out the settings.,account_access,normal,synthetic
SYN-00509,,I accidentally created two accounts. Can they be merged? I want to keep all the data from both if possible.,account_access,normal,synthetic
SYN-00510,,Completely locked out. Have not been able to log in for 30 days. Reset emails are not coming through.,account_access,high,synthetic
SYN-00511,,Completely locked out. Have not been able to log in for 5 days. Reset emails are not coming through.,account_access,high,synthetic
SYN-00512,,Our SSO login is broken for the past week. The whole team cannot access the platform. This is completely blocking us.,account_access,critical,synthetic
SYN-00513,,Need to move my account to a different email address. Old email is no longer accessible. What is the process?,account_access,normal,synthetic
SYN-00514,,Our SSO login is broken since the last update. The whole team cannot access the platform. This is completely blocking us.,account_access,critical,synthetic
SYN-00515,,Lost my authenticator app. Cannot get past 2FA. Have backup codes but they are not being accepted. This is urgent.,account_access,critical,synthetic
SYN-00516,,Completely locked out. Have not been able to log in for 3 days. Reset emails are not coming through.,account_access,high,synthetic
SYN-00517,,Lost my authenticator app. Cannot get past 2FA. Have backup codes but they are not being accepted. This is urgent.,account_access,critical,synthetic
SYN-00518,,Need to move my account to a different email address. Old email is no longer accessible. What is the process?,account_access,normal,synthetic
SYN-00519,,Our SSO login is broken for the past week. The whole team cannot access the platform. This is completely blocking us.,account_access,critical,synthetic
SYN-00520,,Completely locked out. Have not been able to log in for 3 days. Reset emails are not coming through.,account_access,high,synthetic
SYN-00521,,How do I add a new team member with read-only access? We are on the Pro plan and cannot figure out the settings.,account_access,normal,synthetic
SYN-00522,,How do I add a new team member with billing manager access? We are on the Enterprise plan and cannot figure out the settings.,account_access,normal,synthetic
SYN-00523,,Need to move my account to a different email address. Old email is no longer accessible. What is the process?,account_access,normal,synthetic
SYN-00524,,Need to move my account to a different email address. Old email is no longer accessible. What is the process?,account_access,normal,synthetic
SYN-00525,,I accidentally created two accounts. Can they be merged? I want to keep all the data from both if possible.,account_access,normal,synthetic
SYN-00526,,Lost my authenticator app. Cannot get past 2FA. Have backup codes but they are not being accepted. This is urgent.,account_access,critical,synthetic
SYN-00527,,I accidentally created two accounts. Can they be merged? I want to keep all the data from both if possible.,account_access,normal,synthetic
SYN-00528,,Our SSO login is broken starting yesterday. The whole team cannot access the platform. This is completely blocking us.,account_access,critical,synthetic
SYN-00529,,Need to move my account to a different email address. Old email is no longer accessible. What is the process?,account_access,normal,synthetic
SYN-00530,,Need to move my account to a different email address. Old email is no longer accessible. What is the process?,account_access,normal,synthetic
SYN-00531,,Completely locked out. Have not been able to log in for 30 days. Reset emails are not coming through.,account_access,high,synthetic
SYN-00532,,Lost my authenticator app. Cannot get past 2FA. Have backup codes but they are not being accepted. This is urgent.,account_access,critical,synthetic
SYN-00533,,I accidentally created two accounts. Can they be merged? I want to keep all the data from both if possible.,account_access,normal,synthetic
SYN-00534,,Our SSO login is broken starting yesterday. The whole team cannot access the platform. This is completely blocking us.,account_access,critical,synthetic
SYN-00535,,Lost my authenticator app. Cannot get past 2FA. Have backup codes but they are not being accepted. This is urgent.,account_access,critical,synthetic
SYN-00536,,I accidentally created two accounts. Can they be merged? I want to keep all the data from both if possible.,account_access,normal,synthetic
SYN-00537,,Need to move my account to a different email address. Old email is no longer accessible. What is the process?,account_access,normal,synthetic
SYN-00538,,Need to move my account to a different email address. Old email is no longer accessible. What is the process?,account_access,normal,synthetic
SYN-00539,,Lost my authenticator app. Cannot get past 2FA. Have backup codes but they are not being accepted. This is urgent.,account_access,critical,synthetic
SYN-00540,,Our SSO login is broken for the past week. The whole team cannot access the platform. This is completely blocking us.,account_access,critical,synthetic
SYN-00541,,Lost my authenticator app. Cannot get past 2FA. Have backup codes but they are not being accepted. This is urgent.,account_access,critical,synthetic
SYN-00542,,How do I add a new team member with admin access? We are on the Basic plan and cannot figure out the settings.,account_access,normal,synthetic
SYN-00543,,Lost my authenticator app. Cannot get past 2FA. Have backup codes but they are not being accepted. This is urgent.,account_access,critical,synthetic
SYN-00544,,How do I add a new team member with editor access? We are on the Basic plan and cannot figure out the settings.,account_access,normal,synthetic
SYN-00545,,Completely locked out. Have not been able to log in for 14 days. Reset emails are not coming through.,account_access,high,synthetic
SYN-00546,,How do I add a new team member with read-only access? We are on the Team plan and cannot figure out the settings.,account_access,normal,synthetic
SYN-00547,,Our SSO login is broken after we upgraded plans. The whole team cannot access the platform. This is completely blocking us.,account_access,critical,synthetic
SYN-00548,,Our SSO login is broken for the past week. The whole team cannot access the platform. This is completely blocking us.,account_access,critical,synthetic
SYN-00549,,Lost my authenticator app. Cannot get past 2FA. Have backup codes but they are not being accepted. This is urgent.,account_access,critical,synthetic
SYN-00550,,How do I add a new team member with billing manager access? We are on the Business plan and cannot figure out the settings.,account_access,normal,synthetic
SYN-00551,,Lost my authenticator app. Cannot get past 2FA. Have backup codes but they are not being accepted. This is urgent.,account_access,critical,synthetic
SYN-00552,,Completely locked out. Have not been able to log in for 5 days. Reset emails are not coming through.,account_access,high,synthetic
SYN-00553,,Lost my authenticator app. Cannot get past 2FA. Have backup codes but they are not being accepted. This is urgent.,account_access,critical,synthetic
SYN-00554,,I accidentally created two accounts. Can they be merged? I want to keep all the data from both if possible.,account_access,normal,synthetic
SYN-00555,,How do I add a new team member with read-only access? We are on the Team plan and cannot figure out the settings.,account_access,normal,synthetic
SYN-00556,,Our SSO login is broken for the past week. The whole team cannot access the platform. This is completely blocking us.,account_access,critical,synthetic
SYN-00557,,Completely locked out. Have not been able to log in for 14 days. Reset emails are not coming through.,account_access,high,synthetic
SYN-00558,,How do I add a new team member with admin access? We are on the Pro plan and cannot figure out the settings.,account_access,normal,synthetic
SYN-00559,,I accidentally created two accounts. Can they be merged? I want to keep all the data from both if possible.,account_access,normal,synthetic
SYN-00560,,Our SSO login is broken after we upgraded plans. The whole team cannot access the platform. This is completely blocking us.,account_access,critical,synthetic
SYN-00561,,How do I add a new team member with read-only access? We are on the Business plan and cannot figure out the settings.,account_access,normal,synthetic
SYN-00562,,Need to move my account to a different email address. Old email is no longer accessible. What is the process?,account_access,normal,synthetic
SYN-00563,,Our SSO login is broken starting yesterday. The whole team cannot access the platform. This is completely blocking us.,account_access,critical,synthetic
SYN-00564,,I accidentally created two accounts. Can they be merged? I want to keep all the data from both if possible.,account_access,normal,synthetic
SYN-00565,,How do I add a new team member with editor access? We are on the Basic plan and cannot figure out the settings.,account_access,normal,synthetic
SYN-00566,,Our SSO login is broken since the last update. The whole team cannot access the platform. This is completely blocking us.,account_access,critical,synthetic
SYN-00567,,Our SSO login is broken since the last update. The whole team cannot access the platform. This is completely blocking us.,account_access,critical,synthetic
SYN-00568,,How do I add a new team member with admin access? We are on the Starter plan and cannot figure out the settings.,account_access,normal,synthetic
SYN-00569,,I accidentally created two accounts. Can they be merged? I want to keep all the data from both if possible.,account_access,normal,synthetic
SYN-00570,,How do I add a new team member with editor access? We are on the Basic plan and cannot figure out the settings.,account_access,normal,synthetic
SYN-00571,,Completely locked out. Have not been able to log in for 7 days. Reset emails are not coming through.,account_access,high,synthetic
SYN-00572,,How do I add a new team member with billing manager access? We are on the Basic plan and cannot figure out the settings.,account_access,normal,synthetic
SYN-00573,,Need to move my account to a different email address. Old email is no longer accessible. What is the process?,account_access,normal,synthetic
SYN-00574,,Need to move my account to a different email address. Old email is no longer accessible. What is the process?,account_access,normal,synthetic
SYN-00575,,Need to move my account to a different email address. Old email is no longer accessible. What is the process?,account_access,normal,synthetic
SYN-00576,,I accidentally created two accounts. Can they be merged? I want to keep all the data from both if possible.,account_access,normal,synthetic
SYN-00577,,How do I add a new team member with read-only access? We are on the Team plan and cannot figure out the settings.,account_access,normal,synthetic
SYN-00578,,Need to move my account to a different email address. Old email is no longer accessible. What is the process?,account_access,normal,synthetic
SYN-00579,,How do I add a new team member with read-only access? We are on the Starter plan and cannot figure out the settings.,account_access,normal,synthetic
SYN-00580,,Our SSO login is broken for the past week. The whole team cannot access the platform. This is completely blocking us.,account_access,critical,synthetic
SYN-00581,,Completely locked out. Have not been able to log in for 14 days. Reset emails are not coming through.,account_access,high,synthetic
SYN-00582,,Completely locked out. Have not been able to log in for 5 days. Reset emails are not coming through.,account_access,high,synthetic
SYN-00583,,Need to move my account to a different email address. Old email is no longer accessible. What is the process?,account_access,normal,synthetic
SYN-00584,,Our SSO login is broken after we upgraded plans. The whole team cannot access the platform. This is completely blocking us.,account_access,critical,synthetic
SYN-00585,,I accidentally created two accounts. Can they be merged? I want to keep all the data from both if possible.,account_access,normal,synthetic
SYN-00586,,How do I add a new team member with billing manager access? We are on the Pro plan and cannot figure out the settings.,account_access,normal,synthetic
SYN-00587,,Completely locked out. Have not been able to log in for 7 days. Reset emails are not coming through.,account_access,high,synthetic
SYN-00588,,I accidentally created two accounts. Can they be merged? I want to keep all the data from both if possible.,account_access,normal,synthetic
SYN-00589,,Completely locked out. Have not been able to log in for 14 days. Reset emails are not coming through.,account_access,high,synthetic
SYN-00590,,How do I add a new team member with read-only access? We are on the Basic plan and cannot figure out the settings.,account_access,normal,synthetic
SYN-00591,,I accidentally created two accounts. Can they be merged? I want to keep all the data from both if possible.,account_access,normal,synthetic
SYN-00592,,Lost my authenticator app. Cannot get past 2FA. Have backup codes but they are not being accepted. This is urgent.,account_access,critical,synthetic
SYN-00593,,Our SSO login is broken for the past week. The whole team cannot access the platform. This is completely blocking us.,account_access,critical,synthetic
SYN-00594,,Completely locked out. Have not been able to log in for 5 days. Reset emails are not coming through.,account_access,high,synthetic
SYN-00595,,Lost my authenticator app. Cannot get past 2FA. Have backup codes but they are not being accepted. This is urgent.,account_access,critical,synthetic
SYN-00596,,Completely locked out. Have not been able to log in for 30 days. Reset emails are not coming through.,account_access,high,synthetic
SYN-00597,,I accidentally created two accounts. Can they be merged? I want to keep all the data from both if possible.,account_access,normal,synthetic
SYN-00598,,How do I add a new team member with editor access? We are on the Team plan and cannot figure out the settings.,account_access,normal,synthetic
SYN-00599,,Our SSO login is broken since the last update. The whole team cannot access the platform. This is completely blocking us.,account_access,critical,synthetic
SYN-00600,,Our SSO login is broken after we upgraded plans. The whole team cannot access the platform. This is completely blocking us.,account_access,critical,synthetic
SYN-00601,,Search results take 30 seconds to appear after typing. Makes the product nearly impossible to use efficiently.,performance,high,synthetic
SYN-00602,,The analytics page takes 10 seconds to load since the last update. It was instant before. Our whole team is affected.,performance,high,synthetic
SYN-00603,,Search results take 30 seconds to appear after typing. Makes the product nearly impossible to use efficiently.,performance,high,synthetic
SYN-00604,,The dashboard page takes 15 seconds to load randomly throughout the day. It was instant before. Our whole team is affected.,performance,high,synthetic
SYN-00605,,Exports keep timing out. Any projects report with more than 10000 rows fails. I need this data urgently.,performance,high,synthetic
SYN-00606,,Search results take 45 seconds to appear after typing. Makes the product nearly impossible to use efficiently.,performance,high,synthetic
SYN-00607,,The browser tab uses more and more memory over time and eventually crashes. Have to refresh every hour or so.,performance,high,synthetic
SYN-00608,,Charts and graphs on the analytics page take forever to render. Sometimes they never load at all.,performance,normal,synthetic
SYN-00609,,Exports keep timing out. Any projects report with more than 500 rows fails. I need this data urgently.,performance,high,synthetic
SYN-00610,,The browser tab uses more and more memory over time and eventually crashes. Have to refresh every hour or so.,performance,high,synthetic
SYN-00611,,Charts and graphs on the analytics page take forever to render. Sometimes they never load at all.,performance,normal,synthetic
SYN-00612,,The browser tab uses more and more memory over time and eventually crashes. Have to refresh every hour or so.,performance,high,synthetic
SYN-00613,,Search results take 10 seconds to appear after typing. Makes the product nearly impossible to use efficiently.,performance,high,synthetic
SYN-00614,,Search results take 15 seconds to appear after typing. Makes the product nearly impossible to use efficiently.,performance,high,synthetic
SYN-00615,,The browser tab uses more and more memory over time and eventually crashes. Have to refresh every hour or so.,performance,high,synthetic
SYN-00616,,The browser tab uses more and more memory over time and eventually crashes. Have to refresh every hour or so.,performance,high,synthetic
SYN-00617,,Exports keep timing out. Any transactions report with more than 500 rows fails. I need this data urgently.,performance,high,synthetic
SYN-00618,,Search results take 45 seconds to appear after typing. Makes the product nearly impossible to use efficiently.,performance,high,synthetic
SYN-00619,,Search results take 10 seconds to appear after typing. Makes the product nearly impossible to use efficiently.,performance,high,synthetic
SYN-00620,,The browser tab uses more and more memory over time and eventually crashes. Have to refresh every hour or so.,performance,high,synthetic
SYN-00621,,Search results take 15 seconds to appear after typing. Makes the product nearly impossible to use efficiently.,performance,high,synthetic
SYN-00622,,The settings page takes 10 seconds to load starting yesterday. It was instant before. Our whole team is affected.,performance,high,synthetic
SYN-00623,,Charts and graphs on the analytics page take forever to render. Sometimes they never load at all.,performance,normal,synthetic
SYN-00624,,The dashboard page takes 20 seconds to load starting yesterday. It was instant before. Our whole team is affected.,performance,high,synthetic
SYN-00625,,Exports keep timing out. Any invoices report with more than 1000 rows fails. I need this data urgently.,performance,high,synthetic
SYN-00626,,The billing page takes 15 seconds to load randomly throughout the day. It was instant before. Our whole team is affected.,performance,high,synthetic
SYN-00627,,Exports keep timing out. Any reports report with more than 5000 rows fails. I need this data urgently.,performance,high,synthetic
SYN-00628,,Exports keep timing out. Any invoices report with more than 500 rows fails. I need this data urgently.,performance,high,synthetic
SYN-00629,,Search results take 15 seconds to appear after typing. Makes the product nearly impossible to use efficiently.,performance,high,synthetic
SYN-00630,,Exports keep timing out. Any invoices report with more than 5000 rows fails. I need this data urgently.,performance,high,synthetic
SYN-00631,,Exports keep timing out. Any contacts report with more than 500 rows fails. I need this data urgently.,performance,high,synthetic
SYN-00632,,Exports keep timing out. Any contacts report with more than 5000 rows fails. I need this data urgently.,performance,high,synthetic
SYN-00633,,Exports keep timing out. Any invoices report with more than 5000 rows fails. I need this data urgently.,performance,high,synthetic
SYN-00634,,The analytics page takes 20 seconds to load since the last update. It was instant before. Our whole team is affected.,performance,high,synthetic
SYN-00635,,Exports keep timing out. Any records report with more than 10000 rows fails. I need this data urgently.,performance,high,synthetic
SYN-00636,,Charts and graphs on the analytics page take forever to render. Sometimes they never load at all.,performance,normal,synthetic
SYN-00637,,The dashboard page takes 30 seconds to load after we upgraded plans. It was instant before. Our whole team is affected.,performance,high,synthetic
SYN-00638,,Search results take 45 seconds to appear after typing. Makes the product nearly impossible to use efficiently.,performance,high,synthetic
SYN-00639,,Charts and graphs on the analytics page take forever to render. Sometimes they never load at all.,performance,normal,synthetic
SYN-00640,,The settings page takes 45 seconds to load starting yesterday. It was instant before. Our whole team is affected.,performance,high,synthetic
SYN-00641,,Charts and graphs on the analytics page take forever to render. Sometimes they never load at all.,performance,normal,synthetic
SYN-00642,,The billing page takes 20 seconds to load after we upgraded plans. It was instant before. Our whole team is affected.,performance,high,synthetic
SYN-00643,,The dashboard page takes 30 seconds to load after we upgraded plans. It was instant before. Our whole team is affected.,performance,high,synthetic
SYN-00644,,The browser tab uses more and more memory over time and eventually crashes. Have to refresh every hour or so.,performance,high,synthetic
SYN-00645,,The settings page takes 30 seconds to load since the last update. It was instant before. Our whole team is affected.,performance,high,synthetic
SYN-00646,,The reports page takes 45 seconds to load starting yesterday. It was instant before. Our whole team is affected.,performance,high,synthetic
SYN-00647,,The analytics page takes 20 seconds to load randomly throughout the day. It was instant before. Our whole team is affected.,performance,high,synthetic
SYN-00648,,Charts and graphs on the analytics page take forever to render. Sometimes they never load at all.,performance,normal,synthetic
SYN-00649,,Charts and graphs on the analytics page take forever to render. Sometimes they never load at all.,performance,normal,synthetic
SYN-00650,,Search results take 30 seconds to appear after typing. Makes the product nearly impossible to use efficiently.,performance,high,synthetic
SYN-00651,,Charts and graphs on the analytics page take forever to render. Sometimes they never load at all.,performance,normal,synthetic
SYN-00652,,Charts and graphs on the analytics page take forever to render. Sometimes they never load at all.,performance,normal,synthetic
SYN-00653,,Search results take 30 seconds to appear after typing. Makes the product nearly impossible to use efficiently.,performance,high,synthetic
SYN-00654,,Charts and graphs on the analytics page take forever to render. Sometimes they never load at all.,performance,normal,synthetic
SYN-00655,,Charts and graphs on the analytics page take forever to render. Sometimes they never load at all.,performance,normal,synthetic
SYN-00656,,The browser tab uses more and more memory over time and eventually crashes. Have to refresh every hour or so.,performance,high,synthetic
SYN-00657,,The dashboard page takes 45 seconds to load starting yesterday. It was instant before. Our whole team is affected.,performance,high,synthetic
SYN-00658,,The browser tab uses more and more memory over time and eventually crashes. Have to refresh every hour or so.,performance,high,synthetic
SYN-00659,,The browser tab uses more and more memory over time and eventually crashes. Have to refresh every hour or so.,performance,high,synthetic
SYN-00660,,Exports keep timing out. Any projects report with more than 5000 rows fails. I need this data urgently.,performance,high,synthetic
SYN-00661,,The browser tab uses more and more memory over time and eventually crashes. Have to refresh every hour or so.,performance,high,synthetic
SYN-00662,,The browser tab uses more and more memory over time and eventually crashes. Have to refresh every hour or so.,performance,high,synthetic
SYN-00663,,The browser tab uses more and more memory over time and eventually crashes. Have to refresh every hour or so.,performance,high,synthetic
SYN-00664,,The reports page takes 30 seconds to load for the past week. It was instant before. Our whole team is affected.,performance,high,synthetic
SYN-00665,,Search results take 20 seconds to appear after typing. Makes the product nearly impossible to use efficiently.,performance,high,synthetic
SYN-00666,,Exports keep timing out. Any records report with more than 10000 rows fails. I need this data urgently.,performance,high,synthetic
SYN-00667,,The dashboard page takes 10 seconds to load since the last update. It was instant before. Our whole team is affected.,performance,high,synthetic
SYN-00668,,The browser tab uses more and more memory over time and eventually crashes. Have to refresh every hour or so.,performance,high,synthetic
SYN-00669,,The reports page takes 15 seconds to load randomly throughout the day. It was instant before. Our whole team is affected.,performance,high,synthetic
SYN-00670,,The billing page takes 45 seconds to load randomly throughout the day. It was instant before. Our whole team is affected.,performance,high,synthetic
SYN-00671,,Search results take 10 seconds to appear after typing. Makes the product nearly impossible to use efficiently.,performance,high,synthetic
SYN-00672,,The browser tab uses more and more memory over time and eventually crashes. Have to refresh every hour or so.,performance,high,synthetic
SYN-00673,,Search results take 30 seconds to appear after typing. Makes the product nearly impossible to use efficiently.,performance,high,synthetic
SYN-00674,,The reports page takes 45 seconds to load for the past week. It was instant before. Our whole team is affected.,performance,high,synthetic
SYN-00675,,Search results take 10 seconds to appear after typing. Makes the product nearly impossible to use efficiently.,performance,high,synthetic
SYN-00676,,Charts and graphs on the analytics page take forever to render. Sometimes they never load at all.,performance,normal,synthetic
SYN-00677,,Charts and graphs on the analytics page take forever to render. Sometimes they never load at all.,performance,normal,synthetic
SYN-00678,,Exports keep timing out. Any reports report with more than 10000 rows fails. I need this data urgently.,performance,high,synthetic
SYN-00679,,Exports keep timing out. Any contacts report with more than 5000 rows fails. I need this data urgently.,performance,high,synthetic
SYN-00680,,Charts and graphs on the analytics page take forever to render. Sometimes they never load at all.,performance,normal,synthetic
SYN-00681,,Search results take 10 seconds to appear after typing. Makes the product nearly impossible to use efficiently.,performance,high,synthetic
SYN-00682,,Search results take 45 seconds to appear after typing. Makes the product nearly impossible to use efficiently.,performance,high,synthetic
SYN-00683,,Exports keep timing out. Any projects report with more than 500 rows fails. I need this data urgently.,performance,high,synthetic
SYN-00684,,Charts and graphs on the analytics page take forever to render. Sometimes they never load at all.,performance,normal,synthetic
SYN-00685,,Search results take 10 seconds to appear after typing. Makes the product nearly impossible to use efficiently.,performance,high,synthetic
SYN-00686,,Exports keep timing out. Any transactions report with more than 5000 rows fails. I need this data urgently.,performance,high,synthetic
SYN-00687,,Search results take 20 seconds to appear after typing. Makes the product nearly impossible to use efficiently.,performance,high,synthetic
SYN-00688,,The analytics page takes 15 seconds to load randomly throughout the day. It was instant before. Our whole team is affected.,performance,high,synthetic
SYN-00689,,The browser tab uses more and more memory over time and eventually crashes. Have to refresh every hour or so.,performance,high,synthetic
SYN-00690,,The analytics page takes 10 seconds to load since the last update. It was instant before. Our whole team is affected.,performance,high,synthetic
SYN-00691,,Charts and graphs on the analytics page take forever to render. Sometimes they never load at all.,performance,normal,synthetic
SYN-00692,,Exports keep timing out. Any projects report with more than 10000 rows fails. I need this data urgently.,performance,high,synthetic
SYN-00693,,The browser tab uses more and more memory over time and eventually crashes. Have to refresh every hour or so.,performance,high,synthetic
SYN-00694,,Search results take 15 seconds to appear after typing. Makes the product nearly impossible to use efficiently.,performance,high,synthetic
SYN-00695,,Search results take 20 seconds to appear after typing. Makes the product nearly impossible to use efficiently.,performance,high,synthetic
SYN-00696,,Search results take 45 seconds to appear after typing. Makes the product nearly impossible to use efficiently.,performance,high,synthetic
SYN-00697,,Charts and graphs on the analytics page take forever to render. Sometimes they never load at all.,performance,normal,synthetic
SYN-00698,,The dashboard page takes 15 seconds to load starting yesterday. It was instant before. Our whole team is affected.,performance,high,synthetic
SYN-00699,,Charts and graphs on the analytics page take forever to render. Sometimes they never load at all.,performance,normal,synthetic
SYN-00700,,The dashboard page takes 20 seconds to load after we upgraded plans. It was instant before. Our whole team is affected.,performance,high,synthetic
SYN-00701,,The browser tab uses more and more memory over time and eventually crashes. Have to refresh every hour or so.,performance,high,synthetic
SYN-00702,,The browser tab uses more and more memory over time and eventually crashes. Have to refresh every hour or so.,performance,high,synthetic
SYN-00703,,Charts and graphs on the analytics page take forever to render. Sometimes they never load at all.,performance,normal,synthetic
SYN-00704,,The browser tab uses more and more memory over time and eventually crashes. Have to refresh every hour or so.,performance,high,synthetic
SYN-00705,,The browser tab uses more and more memory over time and eventually crashes. Have to refresh every hour or so.,performance,high,synthetic
SYN-00706,,Search results take 15 seconds to appear after typing. Makes the product nearly impossible to use efficiently.,performance,high,synthetic
SYN-00707,,Charts and graphs on the analytics page take forever to render. Sometimes they never load at all.,performance,normal,synthetic
SYN-00708,,The reports page takes 30 seconds to load since the last update. It was instant before. Our whole team is affected.,performance,high,synthetic
SYN-00709,,Search results take 45 seconds to appear after typing. Makes the product nearly impossible to use efficiently.,performance,high,synthetic
SYN-00710,,The browser tab uses more and more memory over time and eventually crashes. Have to refresh every hour or so.,performance,high,synthetic
SYN-00711,,Charts and graphs on the analytics page take forever to render. Sometimes they never load at all.,performance,normal,synthetic
SYN-00712,,Search results take 10 seconds to appear after typing. Makes the product nearly impossible to use efficiently.,performance,high,synthetic
SYN-00713,,Exports keep timing out. Any projects report with more than 500 rows fails. I need this data urgently.,performance,high,synthetic
SYN-00714,,The analytics page takes 20 seconds to load starting yesterday. It was instant before. Our whole team is affected.,performance,high,synthetic
SYN-00715,,Exports keep timing out. Any transactions report with more than 5000 rows fails. I need this data urgently.,performance,high,synthetic
SYN-00716,,Search results take 10 seconds to appear after typing. Makes the product nearly impossible to use efficiently.,performance,high,synthetic
SYN-00717,,The settings page takes 30 seconds to load starting yesterday. It was instant before. Our whole team is affected.,performance,high,synthetic
SYN-00718,,Exports keep timing out. Any projects report with more than 1000 rows fails. I need this data urgently.,performance,high,synthetic
SYN-00719,,Charts and graphs on the analytics page take forever to render. Sometimes they never load at all.,performance,normal,synthetic
SYN-00720,,Charts and graphs on the analytics page take forever to render. Sometimes they never load at all.,performance,normal,synthetic
SYN-00721,,Search results take 10 seconds to appear after typing. Makes the product nearly impossible to use efficiently.,performance,high,synthetic
SYN-00722,,The browser tab uses more and more memory over time and eventually crashes. Have to refresh every hour or so.,performance,high,synthetic
SYN-00723,,The settings page takes 10 seconds to load after we upgraded plans. It was instant before. Our whole team is affected.,performance,high,synthetic
SYN-00724,,The reports page takes 45 seconds to load after we upgraded plans. It was instant before. Our whole team is affected.,performance,high,synthetic
SYN-00725,,Charts and graphs on the analytics page take forever to render. Sometimes they never load at all.,performance,normal,synthetic
SYN-00726,,The browser tab uses more and more memory over time and eventually crashes. Have to refresh every hour or so.,performance,high,synthetic
SYN-00727,,The browser tab uses more and more memory over time and eventually crashes. Have to refresh every hour or so.,performance,high,synthetic
SYN-00728,,Search results take 10 seconds to appear after typing. Makes the product nearly impossible to use efficiently.,performance,high,synthetic
SYN-00729,,The browser tab uses more and more memory over time and eventually crashes. Have to refresh every hour or so.,performance,high,synthetic
SYN-00730,,The reports page takes 15 seconds to load randomly throughout the day. It was instant before. Our whole team is affected.,performance,high,synthetic
SYN-00731,,The browser tab uses more and more memory over time and eventually crashes. Have to refresh every hour or so.,performance,high,synthetic
SYN-00732,,Search results take 10 seconds to appear after typing. Makes the product nearly impossible to use efficiently.,performance,high,synthetic
SYN-00733,,The browser tab uses more and more memory over time and eventually crashes. Have to refresh every hour or so.,performance,high,synthetic
SYN-00734,,The analytics page takes 30 seconds to load randomly throughout the day. It was instant before. Our whole team is affected.,performance,high,synthetic
SYN-00735,,The browser tab uses more and more memory over time and eventually crashes. Have to refresh every hour or so.,performance,high,synthetic
SYN-00736,,Charts and graphs on the analytics page take forever to render. Sometimes they never load at all.,performance,normal,synthetic
SYN-00737,,The settings page takes 20 seconds to load for the past week. It was instant before. Our whole team is affected.,performance,high,synthetic
SYN-00738,,Exports keep timing out. Any transactions report with more than 1000 rows fails. I need this data urgently.,performance,high,synthetic
SYN-00739,,The billing page takes 10 seconds to load randomly throughout the day. It was instant before. Our whole team is affected.,performance,high,synthetic
SYN-00740,,Charts and graphs on the analytics page take forever to render. Sometimes they never load at all.,performance,normal,synthetic
SYN-00741,,Exports keep timing out. Any transactions report with more than 5000 rows fails. I need this data urgently.,performance,high,synthetic
SYN-00742,,Exports keep timing out. Any reports report with more than 500 rows fails. I need this data urgently.,performance,high,synthetic
SYN-00743,,Exports keep timing out. Any transactions report with more than 1000 rows fails. I need this data urgently.,performance,high,synthetic
SYN-00744,,Exports keep timing out. Any invoices report with more than 1000 rows fails. I need this data urgently.,performance,high,synthetic
SYN-00745,,The analytics page takes 30 seconds to load after we upgraded plans. It was instant before. Our whole team is affected.,performance,high,synthetic
SYN-00746,,Charts and graphs on the analytics page take forever to render. Sometimes they never load at all.,performance,normal,synthetic
SYN-00747,,Charts and graphs on the analytics page take forever to render. Sometimes they never load at all.,performance,normal,synthetic
SYN-00748,,The browser tab uses more and more memory over time and eventually crashes. Have to refresh every hour or so.,performance,high,synthetic
SYN-00749,,Charts and graphs on the analytics page take forever to render. Sometimes they never load at all.,performance,normal,synthetic
SYN-00750,,Charts and graphs on the analytics page take forever to render. Sometimes they never load at all.,performance,normal,synthetic
SYN-00751,,Does your platform work with QuickBooks? Evaluating options right now and this is a key requirement.,general,normal,synthetic
SYN-00752,,How do I cancel my subscription? I cannot find the option anywhere in the settings.,general,normal,synthetic
SYN-00753,,Does your platform work with HubSpot? Evaluating options right now and this is a key requirement.,general,normal,synthetic
SYN-00754,,How do I export historical data? The documentation is not very clear on this step.,general,normal,synthetic
SYN-00755,,How do I set up SSO? The documentation is not very clear on this step.,general,normal,synthetic
SYN-00756,,How do I cancel my subscription? I cannot find the option anywhere in the settings.,general,normal,synthetic
SYN-00757,,Does your platform work with QuickBooks? Evaluating options right now and this is a key requirement.,general,normal,synthetic
SYN-00758,,Does your platform work with Notion? Evaluating options right now and this is a key requirement.,general,normal,synthetic
SYN-00759,,Quick question about API rate limits — could not find a clear answer in the docs. Can someone point me in the right direction?,general,normal,synthetic
SYN-00760,,What is included in the Pro plan exactly? Trying to figure out if we need to upgrade before committing to annual.,general,normal,synthetic
SYN-00761,,Does your platform work with Zapier? Evaluating options right now and this is a key requirement.,general,normal,synthetic
SYN-00762,,How do I export historical data? The documentation is not very clear on this step.,general,normal,synthetic
SYN-00763,,Quick question about API rate limits — could not find a clear answer in the docs. Can someone point me in the right direction?,general,normal,synthetic
SYN-00764,,Does your platform work with Slack? Evaluating options right now and this is a key requirement.,general,normal,synthetic
SYN-00765,,How do I cancel my subscription? I cannot find the option anywhere in the settings.,general,normal,synthetic
SYN-00766,,Quick question about billing cycles — could not find a clear answer in the docs. Can someone point me in the right direction?,general,normal,synthetic
SYN-00767,,How do I bulk delete old records? The documentation is not very clear on this step.,general,normal,synthetic
SYN-00768,,What is included in the Basic plan exactly? Trying to figure out if we need to upgrade before committing to annual.,general,normal,synthetic
SYN-00769,,Quick question about billing cycles — could not find a clear answer in the docs. Can someone point me in the right direction?,general,normal,synthetic
SYN-00770,,What is included in the Basic plan exactly? Trying to figure out if we need to upgrade before committing to annual.,general,normal,synthetic
SYN-00771,,Just signed up for Enterprise and getting started. Is there an onboarding guide or someone we can talk to?,general,normal,synthetic
SYN-00772,,What is included in the Starter plan exactly? Trying to figure out if we need to upgrade before committing to annual.,general,normal,synthetic
SYN-00773,,What is included in the Business plan exactly? Trying to figure out if we need to upgrade before committing to annual.,general,normal,synthetic
SYN-00774,,Quick question about billing cycles — could not find a clear answer in the docs. Can someone point me in the right direction?,general,normal,synthetic
SYN-00775,,Quick question about API rate limits — could not find a clear answer in the docs. Can someone point me in the right direction?,general,normal,synthetic
SYN-00776,,How do I cancel my subscription? I cannot find the option anywhere in the settings.,general,normal,synthetic
SYN-00777,,Quick question about data export limits — could not find a clear answer in the docs. Can someone point me in the right direction?,general,normal,synthetic
SYN-00778,,Quick question about data export limits — could not find a clear answer in the docs. Can someone point me in the right direction?,general,normal,synthetic
SYN-00779,,How do I cancel my subscription? I cannot find the option anywhere in the settings.,general,normal,synthetic
SYN-00780,,How do I set up SSO? The documentation is not very clear on this step.,general,normal,synthetic
SYN-00781,,What is included in the Team plan exactly? Trying to figure out if we need to upgrade before committing to annual.,general,normal,synthetic
SYN-00782,,What is included in the Business plan exactly? Trying to figure out if we need to upgrade before committing to annual.,general,normal,synthetic
SYN-00783,,Does your platform work with Salesforce? Evaluating options right now and this is a key requirement.,general,normal,synthetic
SYN-00784,,Does your platform work with Zapier? Evaluating options right now and this is a key requirement.,general,normal,synthetic
SYN-00785,,How do I set up SSO? The documentation is not very clear on this step.,general,normal,synthetic
SYN-00786,,How do I cancel my subscription? I cannot find the option anywhere in the settings.,general,normal,synthetic
SYN-00787,,What is included in the Pro plan exactly? Trying to figure out if we need to upgrade before committing to annual.,general,normal,synthetic
SYN-00788,,How do I cancel my subscription? I cannot find the option anywhere in the settings.,general,normal,synthetic
SYN-00789,,How do I cancel my subscription? I cannot find the option anywhere in the settings.,general,normal,synthetic
SYN-00790,,Does your platform work with Slack? Evaluating options right now and this is a key requirement.,general,normal,synthetic
SYN-00791,,Does your platform work with Slack? Evaluating options right now and this is a key requirement.,general,normal,synthetic
SYN-00792,,What is included in the Basic plan exactly? Trying to figure out if we need to upgrade before committing to annual.,general,normal,synthetic
SYN-00793,,How do I set up SSO? The documentation is not very clear on this step.,general,normal,synthetic
SYN-00794,,Does your platform work with Jira? Evaluating options right now and this is a key requirement.,general,normal,synthetic
SYN-00795,,How do I cancel my subscription? I cannot find the option anywhere in the settings.,general,normal,synthetic
SYN-00796,,What is included in the Business plan exactly? Trying to figure out if we need to upgrade before committing to annual.,general,normal,synthetic
SYN-00797,,Does your platform work with Slack? Evaluating options right now and this is a key requirement.,general,normal,synthetic
SYN-00798,,What is included in the Basic plan exactly? Trying to figure out if we need to upgrade before committing to annual.,general,normal,synthetic
SYN-00799,,Just signed up for Enterprise and getting started. Is there an onboarding guide or someone we can talk to?,general,normal,synthetic
SYN-00800,,Does your platform work with Jira? Evaluating options right now and this is a key requirement.,general,normal,synthetic
SYN-00801,,How do I cancel my subscription? I cannot find the option anywhere in the settings.,general,normal,synthetic
SYN-00802,,How do I cancel my subscription? I cannot find the option anywhere in the settings.,general,normal,synthetic
SYN-00803,,How do I export historical data? The documentation is not very clear on this step.,general,normal,synthetic
SYN-00804,,What is included in the Basic plan exactly? Trying to figure out if we need to upgrade before committing to annual.,general,normal,synthetic
SYN-00805,,Quick question about API rate limits — could not find a clear answer in the docs. Can someone point me in the right direction?,general,normal,synthetic
SYN-00806,,What is included in the Starter plan exactly? Trying to figure out if we need to upgrade before committing to annual.,general,normal,synthetic
SYN-00807,,How do I cancel my subscription? I cannot find the option anywhere in the settings.,general,normal,synthetic
SYN-00808,,Does your platform work with QuickBooks? Evaluating options right now and this is a key requirement.,general,normal,synthetic
SYN-00809,,Just signed up for Basic and getting started. Is there an onboarding guide or someone we can talk to?,general,normal,synthetic
SYN-00810,,How do I cancel my subscription? I cannot find the option anywhere in the settings.,general,normal,synthetic
SYN-00811,,How do I cancel my subscription? I cannot find the option anywhere in the settings.,general,normal,synthetic
SYN-00812,,How do I cancel my subscription? I cannot find the option anywhere in the settings.,general,normal,synthetic
SYN-00813,,What is included in the Pro plan exactly? Trying to figure out if we need to upgrade before committing to annual.,general,normal,synthetic
SYN-00814,,How do I cancel my subscription? I cannot find the option anywhere in the settings.,general,normal,synthetic
SYN-00815,,How do I cancel my subscription? I cannot find the option anywhere in the settings.,general,normal,synthetic
SYN-00816,,How do I bulk delete old records? The documentation is not very clear on this step.,general,normal,synthetic
SYN-00817,,Does your platform work with Slack? Evaluating options right now and this is a key requirement.,general,normal,synthetic
SYN-00818,,Does your platform work with Salesforce? Evaluating options right now and this is a key requirement.,general,normal,synthetic
SYN-00819,,Just signed up for Business and getting started. Is there an onboarding guide or someone we can talk to?,general,normal,synthetic
SYN-00820,,Does your platform work with QuickBooks? Evaluating options right now and this is a key requirement.,general,normal,synthetic
SYN-00821,,How do I export historical data? The documentation is not very clear on this step.,general,normal,synthetic
SYN-00822,,Just signed up for Business and getting started. Is there an onboarding guide or someone we can talk to?,general,normal,synthetic
SYN-00823,,Just signed up for Pro and getting started. Is there an onboarding guide or someone we can talk to?,general,normal,synthetic
SYN-00824,,Does your platform work with QuickBooks? Evaluating options right now and this is a key requirement.,general,normal,synthetic
SYN-00825,,Quick question about user permissions — could not find a clear answer in the docs. Can someone point me in the right direction?,general,normal,synthetic
SYN-00826,,How do I cancel my subscription? I cannot find the option anywhere in the settings.,general,normal,synthetic
SYN-00827,,Does your platform work with QuickBooks? Evaluating options right now and this is a key requirement.,general,normal,synthetic
SYN-00828,,What is included in the Business plan exactly? Trying to figure out if we need to upgrade before committing to annual.,general,normal,synthetic
SYN-00829,,What is included in the Starter plan exactly? Trying to figure out if we need to upgrade before committing to annual.,general,normal,synthetic
SYN-00830,,Just signed up for Business and getting started. Is there an onboarding guide or someone we can talk to?,general,normal,synthetic
SYN-00831,,Just signed up for Basic and getting started. Is there an onboarding guide or someone we can talk to?,general,normal,synthetic
SYN-00832,,What is included in the Business plan exactly? Trying to figure out if we need to upgrade before committing to annual.,general,normal,synthetic
SYN-00833,,How do I cancel my subscription? I cannot find the option anywhere in the settings.,general,normal,synthetic
SYN-00834,,How do I export historical data? The documentation is not very clear on this step.,general,normal,synthetic
SYN-00835,,How do I set up SSO? The documentation is not very clear on this step.,general,normal,synthetic
SYN-00836,,How do I cancel my subscription? I cannot find the option anywhere in the settings.,general,normal,synthetic
SYN-00837,,How do I cancel my subscription? I cannot find the option anywhere in the settings.,general,normal,synthetic
SYN-00838,,Just signed up for Starter and getting started. Is there an onboarding guide or someone we can talk to?,general,normal,synthetic
SYN-00839,,What is included in the Enterprise plan exactly? Trying to figure out if we need to upgrade before committing to annual.,general,normal,synthetic
SYN-00840,,How do I cancel my subscription? I cannot find the option anywhere in the settings.,general,normal,synthetic
SYN-00841,,How do I export historical data? The documentation is not very clear on this step.,general,normal,synthetic
SYN-00842,,What is included in the Business plan exactly? Trying to figure out if we need to upgrade before committing to annual.,general,normal,synthetic
SYN-00843,,Does your platform work with QuickBooks? Evaluating options right now and this is a key requirement.,general,normal,synthetic
SYN-00844,,How do I export historical data? The documentation is not very clear on this step.,general,normal,synthetic
SYN-00845,,Does your platform work with Jira? Evaluating options right now and this is a key requirement.,general,normal,synthetic
SYN-00846,,What is included in the Starter plan exactly? Trying to figure out if we need to upgrade before committing to annual.,general,normal,synthetic
SYN-00847,,How do I set up SSO? The documentation is not very clear on this step.,general,normal,synthetic
SYN-00848,,How do I bulk delete old records? The documentation is not very clear on this step.,general,normal,synthetic
SYN-00849,,What is included in the Starter plan exactly? Trying to figure out if we need to upgrade before committing to annual.,general,normal,synthetic
SYN-00850,,Just signed up for Business and getting started. Is there an onboarding guide or someone we can talk to?,general,normal,synthetic
SYN-00851,,What is included in the Business plan exactly? Trying to figure out if we need to upgrade before committing to annual.,general,normal,synthetic
SYN-00852,,Does your platform work with Slack? Evaluating options right now and this is a key requirement.,general,normal,synthetic
SYN-00853,,How do I cancel my subscription? I cannot find the option anywhere in the settings.,general,normal,synthetic
SYN-00854,,How do I set up SSO? The documentation is not very clear on this step.,general,normal,synthetic
SYN-00855,,What is included in the Pro plan exactly? Trying to figure out if we need to upgrade before committing to annual.,general,normal,synthetic
SYN-00856,,How do I cancel my subscription? I cannot find the option anywhere in the settings.,general,normal,synthetic
SYN-00857,,What is included in the Pro plan exactly? Trying to figure out if we need to upgrade before committing to annual.,general,normal,synthetic
SYN-00858,,Does your platform work with Slack? Evaluating options right now and this is a key requirement.,general,normal,synthetic
SYN-00859,,Just signed up for Enterprise and getting started. Is there an onboarding guide or someone we can talk to?,general,normal,synthetic
SYN-00860,,How do I bulk delete old records? The documentation is not very clear on this step.,general,normal,synthetic
SYN-00861,,Just signed up for Starter and getting started. Is there an onboarding guide or someone we can talk to?,general,normal,synthetic
SYN-00862,,Quick question about data export limits — could not find a clear answer in the docs. Can someone point me in the right direction?,general,normal,synthetic
SYN-00863,,How do I set up SSO? The documentation is not very clear on this step.,general,normal,synthetic
SYN-00864,,Quick question about billing cycles — could not find a clear answer in the docs. Can someone point me in the right direction?,general,normal,synthetic
SYN-00865,,Quick question about billing cycles — could not find a clear answer in the docs. Can someone point me in the right direction?,general,normal,synthetic
SYN-00866,,What is included in the Enterprise plan exactly? Trying to figure out if we need to upgrade before committing to annual.,general,normal,synthetic
SYN-00867,,Just signed up for Starter and getting started. Is there an onboarding guide or someone we can talk to?,general,normal,synthetic
SYN-00868,,Quick question about API rate limits — could not find a clear answer in the docs. Can someone point me in the right direction?,general,normal,synthetic
SYN-00869,,Just signed up for Pro and getting started. Is there an onboarding guide or someone we can talk to?,general,normal,synthetic
SYN-00870,,Does your platform work with Slack? Evaluating options right now and this is a key requirement.,general,normal,synthetic
SYN-00871,,How do I cancel my subscription? I cannot find the option anywhere in the settings.,general,normal,synthetic
SYN-00872,,How do I cancel my subscription? I cannot find the option anywhere in the settings.,general,normal,synthetic
SYN-00873,,Does your platform work with QuickBooks? Evaluating options right now and this is a key requirement.,general,normal,synthetic
SYN-00874,,Just signed up for Business and getting started. Is there an onboarding guide or someone we can talk to?,general,normal,synthetic
SYN-00875,,Quick question about API rate limits — could not find a clear answer in the docs. Can someone point me in the right direction?,general,normal,synthetic
SYN-00876,,How do I bulk delete old records? The documentation is not very clear on this step.,general,normal,synthetic
SYN-00877,,Just signed up for Basic and getting started. Is there an onboarding guide or someone we can talk to?,general,normal,synthetic
SYN-00878,,How do I set up SSO? The documentation is not very clear on this step.,general,normal,synthetic
SYN-00879,,What is included in the Pro plan exactly? Trying to figure out if we need to upgrade before committing to annual.,general,normal,synthetic
SYN-00880,,Quick question about user permissions — could not find a clear answer in the docs. Can someone point me in the right direction?,general,normal,synthetic
SYN-00881,,Does your platform work with HubSpot? Evaluating options right now and this is a key requirement.,general,normal,synthetic
SYN-00882,,Just signed up for Team and getting started. Is there an onboarding guide or someone we can talk to?,general,normal,synthetic
SYN-00883,,How do I cancel my subscription? I cannot find the option anywhere in the settings.,general,normal,synthetic
SYN-00884,,What is included in the Team plan exactly? Trying to figure out if we need to upgrade before committing to annual.,general,normal,synthetic
SYN-00885,,How do I export historical data? The documentation is not very clear on this step.,general,normal,synthetic
SYN-00886,,Does your platform work with HubSpot? Evaluating options right now and this is a key requirement.,general,normal,synthetic
SYN-00887,,Does your platform work with Slack? Evaluating options right now and this is a key requirement.,general,normal,synthetic
SYN-00888,,Quick question about data export limits — could not find a clear answer in the docs. Can someone point me in the right direction?,general,normal,synthetic
SYN-00889,,How do I bulk delete old records? The documentation is not very clear on this step.,general,normal,synthetic
SYN-00890,,What is included in the Starter plan exactly? Trying to figure out if we need to upgrade before committing to annual.,general,normal,synthetic
SYN-00891,,Quick question about user permissions — could not find a clear answer in the docs. Can someone point me in the right direction?,general,normal,synthetic
SYN-00892,,How do I bulk delete old records? The documentation is not very clear on this step.,general,normal,synthetic
SYN-00893,,What is included in the Pro plan exactly? Trying to figure out if we need to upgrade before committing to annual.,general,normal,synthetic
SYN-00894,,How do I cancel my subscription? I cannot find the option anywhere in the settings.,general,normal,synthetic
SYN-00895,,What is included in the Team plan exactly? Trying to figure out if we need to upgrade before committing to annual.,general,normal,synthetic
SYN-00896,,Just signed up for Basic and getting started. Is there an onboarding guide or someone we can talk to?,general,normal,synthetic
SYN-00897,,Just signed up for Enterprise and getting started. Is there an onboarding guide or someone we can talk to?,general,normal,synthetic
SYN-00898,,How do I export historical data? The documentation is not very clear on this step.,general,normal,synthetic
SYN-00899,,What is included in the Enterprise plan exactly? Trying to figure out if we need to upgrade before committing to annual.,general,normal,synthetic
SYN-00900,,Just signed up for Team and getting started. Is there an onboarding guide or someone we can talk to?,general,normal,synthetic
REAL-00000,,I cannot get into my account to check my invoice,account_access,normal,manual_real
REAL-00001,,Locked out and my subscription renews tomorrow,account_access,normal,manual_real
REAL-00002,,Cannot login to download my receipt,account_access,normal,manual_real
REAL-00003,,My payment went through but I still cannot access premium features,account_access,normal,manual_real
REAL-00004,,The upgrade button is broken — clicking it does nothing,billing,normal,manual_real
REAL-00005,,Your payment page crashes before I can complete checkout,billing,normal,manual_real
REAL-00006,,I keep getting an error when trying to update my card,billing,normal,manual_real
REAL-00007,,The invoice download link is not working,billing,normal,manual_real
REAL-00008,,The export never finishes — just spins forever,bug_report,normal,manual_real
REAL-00009,,Search results take so long they just timeout,bug_report,normal,manual_real
REAL-00010,,Page loads but then goes blank after a few seconds,bug_report,normal,manual_real
REAL-00011,,The dashboard shows a loading spinner that never goes away,bug_report,normal,manual_real
REAL-00012,,Is there a way to get notified when reports are ready?,feature_request,normal,manual_real
REAL-00013,,How can I export all my data at once?,feature_request,normal,manual_real
REAL-00014,,Can I set up automatic billing reports?,feature_request,normal,manual_real
REAL-00015,,Is there an option to see all team activity in one place?,feature_request,normal,manual_real
REAL-00016,,What exactly does the Business plan include?,general,normal,manual_real
REAL-00017,,How is my usage calculated for billing purposes?,general,normal,manual_real
REAL-00018,,When does my billing cycle reset?,general,normal,manual_real
REAL-00019,,What happens to my data if I downgrade?,general,normal,manual_real
REAL-00020,,"Everything is really slow today, not sure if it's a bug",performance,normal,manual_real
REAL-00021,,"Some features load fine, others take forever or fail",performance,normal,manual_real
REAL-00022,,It was fast yesterday but today nothing loads properly,performance,normal,manual_real
REAL-00023,,"Half the buttons work instantly, the other half just hang",performance,normal,manual_real
REAL-00024,,I was charged twice this month and need a refund immediately,billing,normal,manual_real
REAL-00025,,My invoice has the wrong company name on it,billing,normal,manual_real
REAL-00026,,I cancelled before the renewal date but was still charged,billing,normal,manual_real
REAL-00027,,Please send me a receipt for my last payment,billing,normal,manual_real
REAL-00028,,I need to update my credit card before it expires,billing,normal,manual_real
REAL-00029,,The annual plan discount was not applied to my invoice,billing,normal,manual_real
REAL-00030,,The app crashes immediately when I open it on iPhone,bug_report,normal,manual_real
REAL-00031,,Getting a 500 error on every page since the update,bug_report,normal,manual_real
REAL-00032,,My data was deleted and I did not delete it,bug_report,normal,manual_real
REAL-00033,,Password reset sends an email but the link does not work,bug_report,normal,manual_real
REAL-00034,,Two factor auth code is accepted but then login fails anyway,bug_report,normal,manual_real
REAL-00035,,The bulk import always fails at exactly 1000 rows,bug_report,normal,manual_real
REAL-00036,,Please add the ability to schedule automated reports,feature_request,normal,manual_real
REAL-00037,,Would love a Zapier integration for our workflows,feature_request,normal,manual_real
REAL-00038,,Can you add keyboard shortcuts for common actions?,feature_request,normal,manual_real
REAL-00039,,Please allow us to customize the dashboard layout,feature_request,normal,manual_real
REAL-00040,,We need role-based access controls for our enterprise team,feature_request,normal,manual_real
REAL-00041,,My account was locked after too many login attempts,account_access,normal,manual_real
REAL-00042,,I need to transfer ownership of the account to a colleague,account_access,normal,manual_real
REAL-00043,,Two factor authentication is blocking me and I lost my phone,account_access,normal,manual_real
REAL-00044,,Can you add another admin to our team account?,account_access,normal,manual_real
REAL-00045,,My SSO provider changed and now I cannot log in,account_access,normal,manual_real
REAL-00046,,Reports that used to take 2 seconds now take 2 minutes,performance,normal,manual_real
REAL-00047,,The search function has gotten noticeably slower this week,performance,normal,manual_real
REAL-00048,,Large file uploads time out before completing,performance,normal,manual_real
REAL-00049,,The mobile app is much slower than the web version,performance,normal,manual_real
REAL-00050,,What is the difference between the Pro and Business plans?,general,normal,manual_real
REAL-00051,,Do you offer a discount for nonprofits?,general,normal,manual_real
REAL-00052,,Is your platform GDPR compliant?,general,normal,manual_real
REAL-00053,,How do I contact support for urgent issues?,general,normal,manual_real
REAL-00054,,What is your uptime SLA for enterprise customers?,general,normal,manual_real
