ticket_id,subject,body,category,urgency,source,processed_text,word_count,char_count,too_short
SYN-00724,,The reports page takes 45 seconds to load after we upgraded plans. It was instant before. Our whole team is affected.,performance,high,synthetic,nan report page take second load upgraded plan instant whole team affected,12,121,False
SYN-00040,,Can you send a PDF invoice for my last payment? My company needs it for expense reporting. Name on invoice: Tech Solutions Inc.,billing,normal,synthetic,nan send pdf invoice last payment company need expense reporting name invoice tech solution inc,15,131,False
SYN-00850,,Just signed up for Business and getting started. Is there an onboarding guide or someone we can talk to?,general,normal,synthetic,nan signed business getting started onboarding guide someone talk,9,108,False
SYN-00561,,How do I add a new team member with read-only access? We are on the Business plan and cannot figure out the settings.,account_access,normal,synthetic,nan add new team member read access business plan not figure setting,12,121,False
SYN-00172,,All API calls to your service are returning 500 errors starting yesterday. This is blocking our entire production deployment. Error: Authentication failed,bug_report,critical,synthetic,nan api call service returning error starting yesterday blocking entire production deployment error authentication failed,15,158,False
SYN-00523,,Need to move my account to a different email address. Old email is no longer accessible. What is the process?,account_access,normal,synthetic,nan need move account different email address old email no longer accessible process,13,113,False
SYN-00328,,Any plans for a dark mode? Spending all day in the tool and the bright white interface is really straining my eyes.,feature_request,normal,synthetic,nan plan dark mode spending day tool bright white interface really straining eye,13,119,False
SYN-00521,,How do I add a new team member with read-only access? We are on the Pro plan and cannot figure out the settings.,account_access,normal,synthetic,nan add new team member read access pro plan not figure setting,12,116,False
SYN-00013,,My card ending in 5678 expired. How do I update payment before the next cycle?,billing,normal,synthetic,nan card ending expired update payment next cycle,8,82,False
SYN-00888,,Quick question about data export limits — could not find a clear answer in the docs. Can someone point me in the right direction?,general,normal,synthetic,nan quick question data export limit could not find clear answer doc someone point right direction,16,133,False
SYN-00133,,I have no idea what this $79 charge is for. I do not remember signing up for anything new. Can you explain this?,billing,high,synthetic,nan no idea charge not remember signing anything new explain,10,116,False
SYN-00879,,What is included in the Pro plan exactly? Trying to figure out if we need to upgrade before committing to annual.,general,normal,synthetic,nan included pro plan exactly trying figure need upgrade committing annual,11,117,False
SYN-00615,,The browser tab uses more and more memory over time and eventually crashes. Have to refresh every hour or so.,performance,high,synthetic,nan browser tab us memory time eventually crash refresh every hour,11,113,False
SYN-00609,,Exports keep timing out. Any projects report with more than 500 rows fails. I need this data urgently.,performance,high,synthetic,nan export keep timing project report row fails need data urgently,11,106,False
SYN-00597,,I accidentally created two accounts. Can they be merged? I want to keep all the data from both if possible.,account_access,normal,synthetic,nan accidentally created two account merged want keep data possible,10,111,False
SYN-00436,,Would love email or Slack notifications when a report finishes. I miss things because I cannot monitor the dashboard all day.,feature_request,normal,synthetic,nan would love email slack notification report finish miss thing not monitor dashboard day,14,129,False
SYN-00728,,Search results take 10 seconds to appear after typing. Makes the product nearly impossible to use efficiently.,performance,high,synthetic,nan search result take second appear typing make product nearly impossible use efficiently,13,114,False
SYN-00280,,My projects disappear after saving. I get the green success message but everything is gone when I refresh. This is the third time this month.,bug_report,high,synthetic,nan project disappear saving get green success message everything gone refresh third time month,14,145,False
SYN-00461,,Need to move my account to a different email address. Old email is no longer accessible. What is the process?,account_access,normal,synthetic,nan need move account different email address old email no longer accessible process,13,113,False
SYN-00107,,I have no idea what this $49 charge is for. I do not remember signing up for anything new. Can you explain this?,billing,high,synthetic,nan no idea charge not remember signing anything new explain,10,116,False
REAL-00025,,My invoice has the wrong company name on it,billing,normal,manual_real,nan invoice wrong company name,5,47,False
SYN-00147,,My invoice shows $149 but my plan is $79 per month. Please fix this and refund the difference.,billing,normal,synthetic,nan invoice show plan per month please fix refund difference,10,98,False
SYN-00279,,"Cannot get into my account at all. Password is correct, reset email never arrives. Tried 7 times now.",bug_report,critical,synthetic,nan not get account password correct reset email never arrives tried time,12,105,False
SYN-00076,,My card ending in 4242 expired. How do I update payment before the next cycle?,billing,normal,synthetic,nan card ending expired update payment next cycle,8,82,False
SYN-00825,,Quick question about user permissions — could not find a clear answer in the docs. Can someone point me in the right direction?,general,normal,synthetic,nan quick question user permission could not find clear answer doc someone point right direction,15,131,False
SYN-00014,,I downgraded my plan starting yesterday but I am still being charged the Pro rate. This needs to be corrected and backdated.,billing,normal,synthetic,nan downgraded plan starting yesterday still charged pro rate need corrected backdated,12,128,False
SYN-00555,,How do I add a new team member with read-only access? We are on the Team plan and cannot figure out the settings.,account_access,normal,synthetic,nan add new team member read access team plan not figure setting,12,117,False
SYN-00734,,The analytics page takes 30 seconds to load randomly throughout the day. It was instant before. Our whole team is affected.,performance,high,synthetic,nan analytics page take second load randomly throughout day instant whole team affected,13,127,False
SYN-00164,,All API calls to your service are returning 500 errors since the last update. This is blocking our entire production deployment. Error: 500 Internal Server Error,bug_report,critical,synthetic,nan api call service returning error since last update blocking entire production deployment error internal server error,17,165,False
SYN-00510,,Completely locked out. Have not been able to log in for 30 days. Reset emails are not coming through.,account_access,high,synthetic,nan completely locked not able log day reset email not coming,11,105,False
SYN-00349,,Please add bulk upload a file for invoices. Doing it one at a time for 500+ records is very frustrating.,feature_request,normal,synthetic,nan please add bulk upload file invoice one time record frustrating,11,108,False
SYN-00735,,The browser tab uses more and more memory over time and eventually crashes. Have to refresh every hour or so.,performance,high,synthetic,nan browser tab us memory time eventually crash refresh every hour,11,113,False
SYN-00892,,How do I bulk delete old records? The documentation is not very clear on this step.,general,normal,synthetic,nan bulk delete old record documentation not clear step,9,87,False
SYN-00699,,Charts and graphs on the analytics page take forever to render. Sometimes they never load at all.,performance,normal,synthetic,nan chart graph analytics page take forever render sometimes never load,11,101,False
SYN-00611,,Charts and graphs on the analytics page take forever to render. Sometimes they never load at all.,performance,normal,synthetic,nan chart graph analytics page take forever render sometimes never load,11,101,False
SYN-00127,,I have no idea what this $149 charge is for. I do not remember signing up for anything new. Can you explain this?,billing,high,synthetic,nan no idea charge not remember signing anything new explain,10,117,False
REAL-00002,,Cannot login to download my receipt,account_access,normal,manual_real,nan not login download receipt,5,39,False
SYN-00420,,"Does Jira integration exist? If not, any plans to add it? It would completely change our workflow.",feature_request,normal,synthetic,nan jira integration exist not plan add would completely change workflow,11,102,False
SYN-00078,,I downgraded my plan starting yesterday but I am still being charged the Enterprise rate. This needs to be corrected and backdated.,billing,normal,synthetic,nan downgraded plan starting yesterday still charged enterprise rate need corrected backdated,12,135,False
SYN-00442,,Is there a mobile app or is one planned? I need to check on things when I am away from my desk.,feature_request,normal,synthetic,nan mobile app one planned need check thing away desk,10,99,False
SYN-00637,,The dashboard page takes 30 seconds to load after we upgraded plans. It was instant before. Our whole team is affected.,performance,high,synthetic,nan dashboard page take second load upgraded plan instant whole team affected,12,123,False
SYN-00336,,We would love API access to contacts so we can build our own integrations. Is this on the roadmap at all?,feature_request,normal,synthetic,nan would love api access contact build integration roadmap,9,109,False
SYN-00381,,We desperately need the ability to export contacts to JSON. Currently copying everything manually which takes hours.,feature_request,normal,synthetic,nan desperately need ability export contact json currently copying everything manually take hour,13,120,False
SYN-00515,,Lost my authenticator app. Cannot get past 2FA. Have backup codes but they are not being accepted. This is urgent.,account_access,critical,synthetic,nan lost authenticator app not get past 2fa backup code not accepted urgent,13,118,False
SYN-00194,,The numbers on the reports dashboard are wrong. They do not match our actual data at all. Looks like a calculation error.,bug_report,high,synthetic,nan number report dashboard wrong not match actual data look like calculation error,13,125,False
SYN-00849,,What is included in the Starter plan exactly? Trying to figure out if we need to upgrade before committing to annual.,general,normal,synthetic,nan included starter plan exactly trying figure need upgrade committing annual,11,121,False
SYN-00306,,"Does Salesforce integration exist? If not, any plans to add it? It would completely change our workflow.",feature_request,normal,synthetic,nan salesforce integration exist not plan add would completely change workflow,11,108,False
SYN-00793,,How do I set up SSO? The documentation is not very clear on this step.,general,normal,synthetic,nan set sso documentation not clear step,7,74,False
SYN-00426,,"Does Slack integration exist? If not, any plans to add it? It would completely change our workflow.",feature_request,normal,synthetic,nan slack integration exist not plan add would completely change workflow,11,103,False
SYN-00668,,The browser tab uses more and more memory over time and eventually crashes. Have to refresh every hour or so.,performance,high,synthetic,nan browser tab us memory time eventually crash refresh every hour,11,113,False
SYN-00791,,Does your platform work with Slack? Evaluating options right now and this is a key requirement.,general,normal,synthetic,nan platform work slack evaluating option right key requirement,9,99,False
SYN-00115,,I was charged twice for my Basic subscription. Two identical charges of $19 appeared on my statement. Please refund one.,billing,high,synthetic,nan charged twice basic subscription two identical charge appeared statement please refund one,13,124,False
SYN-00256,,The app crashes after we upgraded plans when I try to export a report. I am on Windows 11. Error message: 500 Internal Server Error,bug_report,critical,synthetic,nan app crash upgraded plan try export report window error message internal server error,14,135,False
SYN-00838,,Just signed up for Starter and getting started. Is there an onboarding guide or someone we can talk to?,general,normal,synthetic,nan signed starter getting started onboarding guide someone talk,9,107,False
SYN-00513,,Need to move my account to a different email address. Old email is no longer accessible. What is the process?,account_access,normal,synthetic,nan need move account different email address old email no longer accessible process,13,113,False
SYN-00250,,My invoices disappear after saving. I get the green success message but everything is gone when I refresh. This is causing us serious problems.,bug_report,high,synthetic,nan invoice disappear saving get green success message everything gone refresh causing u serious problem,15,147,False
SYN-00159,,The app crashes since the last update when I try to save my changes. I am on Android 14. Error message: 500 Internal Server Error,bug_report,critical,synthetic,nan app crash since last update try save change android error message internal server error,15,133,False
REAL-00053,,How do I contact support for urgent issues?,general,normal,manual_real,nan contact support urgent issue,5,47,False
SYN-00812,,How do I cancel my subscription? I cannot find the option anywhere in the settings.,general,normal,synthetic,nan cancel subscription not find option anywhere setting,8,87,False
SYN-00284,,The numbers on the dashboard dashboard are wrong. They do not match our actual data at all. Looks like a calculation error.,bug_report,high,synthetic,nan number dashboard dashboard wrong not match actual data look like calculation error,13,127,False
SYN-00460,,Lost my authenticator app. Cannot get past 2FA. Have backup codes but they are not being accepted. This is urgent.,account_access,critical,synthetic,nan lost authenticator app not get past 2fa backup code not accepted urgent,13,118,False
SYN-00033,,I have no idea what this $149 charge is for. I do not remember signing up for anything new. Can you explain this?,billing,high,synthetic,nan no idea charge not remember signing anything new explain,10,117,False
SYN-00773,,What is included in the Business plan exactly? Trying to figure out if we need to upgrade before committing to annual.,general,normal,synthetic,nan included business plan exactly trying figure need upgrade committing annual,11,122,False
SYN-00453,,Completely locked out. Have not been able to log in for 5 days. Reset emails are not coming through.,account_access,high,synthetic,nan completely locked not able log day reset email not coming,11,104,False
SYN-00001,,I have no idea what this $49 charge is for. I do not remember signing up for anything new. Can you explain this?,billing,high,synthetic,nan no idea charge not remember signing anything new explain,10,116,False
SYN-00683,,Exports keep timing out. Any projects report with more than 500 rows fails. I need this data urgently.,performance,high,synthetic,nan export keep timing project report row fails need data urgently,11,106,False
SYN-00843,,Does your platform work with QuickBooks? Evaluating options right now and this is a key requirement.,general,normal,synthetic,nan platform work quickbooks evaluating option right key requirement,9,104,False
SYN-00602,,The analytics page takes 10 seconds to load since the last update. It was instant before. Our whole team is affected.,performance,high,synthetic,nan analytics page take second load since last update instant whole team affected,13,121,False
SYN-00700,,The dashboard page takes 20 seconds to load after we upgraded plans. It was instant before. Our whole team is affected.,performance,high,synthetic,nan dashboard page take second load upgraded plan instant whole team affected,12,123,False
SYN-00810,,How do I cancel my subscription? I cannot find the option anywhere in the settings.,general,normal,synthetic,nan cancel subscription not find option anywhere setting,8,87,False
SYN-00416,,Any plans for a dark mode? Spending all day in the tool and the bright white interface is really straining my eyes.,feature_request,normal,synthetic,nan plan dark mode spending day tool bright white interface really straining eye,13,119,False
SYN-00435,,We desperately need the ability to export invoices to PDF. Currently copying everything manually which takes hours.,feature_request,normal,synthetic,nan desperately need ability export invoice pdf currently copying everything manually take hour,13,119,False
SYN-00357,,We would love API access to projects so we can build our own integrations. Is this on the roadmap at all?,feature_request,normal,synthetic,nan would love api access project build integration roadmap,9,109,False
SYN-00875,,Quick question about API rate limits — could not find a clear answer in the docs. Can someone point me in the right direction?,general,normal,synthetic,nan quick question api rate limit could not find clear answer doc someone point right direction,16,130,False
SYN-00385,,Is there a mobile app or is one planned? I need to check on things when I am away from my desk.,feature_request,normal,synthetic,nan mobile app one planned need check thing away desk,10,99,False
SYN-00209,,All API calls to your service are returning 500 errors for the past week. This is blocking our entire production deployment. Error: Authentication failed,bug_report,critical,synthetic,nan api call service returning error past week blocking entire production deployment error authentication failed,15,157,False
SYN-00786,,How do I cancel my subscription? I cannot find the option anywhere in the settings.,general,normal,synthetic,nan cancel subscription not find option anywhere setting,8,87,False
REAL-00001,,Locked out and my subscription renews tomorrow,account_access,normal,manual_real,nan locked subscription renews tomorrow,5,50,False
SYN-00397,,Is there a mobile app or is one planned? I need to check on things when I am away from my desk.,feature_request,normal,synthetic,nan mobile app one planned need check thing away desk,10,99,False
SYN-00285,,"Sometimes the filters works fine, sometimes it just fails silently. No error message. Cannot reproduce consistently but it happens daily.",bug_report,high,synthetic,nan sometimes filter work fine sometimes fails silently no error message not reproduce consistently happens daily,16,141,False
SYN-00345,,Please add bulk upload a file for invoices. Doing it one at a time for 500+ records is very frustrating.,feature_request,normal,synthetic,nan please add bulk upload file invoice one time record frustrating,11,108,False
SYN-00255,,My transactions disappear after saving. I get the green success message but everything is gone when I refresh. This is a major issue for our team.,bug_report,high,synthetic,nan transaction disappear saving get green success message everything gone refresh major issue team,14,150,False
SYN-00068,,Can you send a PDF invoice for my last payment? My company needs it for expense reporting. Name on invoice: Tech Solutions Inc.,billing,normal,synthetic,nan send pdf invoice last payment company need expense reporting name invoice tech solution inc,15,131,False
SYN-00818,,Does your platform work with Salesforce? Evaluating options right now and this is a key requirement.,general,normal,synthetic,nan platform work salesforce evaluating option right key requirement,9,104,False
SYN-00595,,Lost my authenticator app. Cannot get past 2FA. Have backup codes but they are not being accepted. This is urgent.,account_access,critical,synthetic,nan lost authenticator app not get past 2fa backup code not accepted urgent,13,118,False
SYN-00871,,How do I cancel my subscription? I cannot find the option anywhere in the settings.,general,normal,synthetic,nan cancel subscription not find option anywhere setting,8,87,False
SYN-00880,,Quick question about user permissions — could not find a clear answer in the docs. Can someone point me in the right direction?,general,normal,synthetic,nan quick question user permission could not find clear answer doc someone point right direction,15,131,False
SYN-00606,,Search results take 45 seconds to appear after typing. Makes the product nearly impossible to use efficiently.,performance,high,synthetic,nan search result take second appear typing make product nearly impossible use efficiently,13,114,False
SYN-00393,,We desperately need the ability to export transactions to Google Sheets. Currently copying everything manually which takes hours.,feature_request,normal,synthetic,nan desperately need ability export transaction google sheet currently copying everything manually take hour,14,133,False
SYN-00639,,Charts and graphs on the analytics page take forever to render. Sometimes they never load at all.,performance,normal,synthetic,nan chart graph analytics page take forever render sometimes never load,11,101,False
REAL-00012,,Is there a way to get notified when reports are ready?,feature_request,normal,manual_real,nan way get notified report ready,6,58,False
SYN-00268,,The notifications stopped working completely. Clicking it does nothing. Tried different browsers — same issue.,bug_report,high,synthetic,nan notification stopped working completely clicking nothing tried different browser issue,11,114,False
SYN-00355,,"Does Salesforce integration exist? If not, any plans to add it? It would completely change our workflow.",feature_request,normal,synthetic,nan salesforce integration exist not plan add would completely change workflow,11,108,False
SYN-00048,,I have no idea what this $299 charge is for. I do not remember signing up for anything new. Can you explain this?,billing,high,synthetic,nan no idea charge not remember signing anything new explain,10,117,False
SYN-00659,,The browser tab uses more and more memory over time and eventually crashes. Have to refresh every hour or so.,performance,high,synthetic,nan browser tab us memory time eventually crash refresh every hour,11,113,False
SYN-00356,,We desperately need the ability to export contacts to PDF. Currently copying everything manually which takes hours.,feature_request,normal,synthetic,nan desperately need ability export contact pdf currently copying everything manually take hour,13,119,False
SYN-00721,,Search results take 10 seconds to appear after typing. Makes the product nearly impossible to use efficiently.,performance,high,synthetic,nan search result take second appear typing make product nearly impossible use efficiently,13,114,False
SYN-00237,,All API calls to your service are returning 500 errors since the last update. This is blocking our entire production deployment. Error: 500 Internal Server Error,bug_report,critical,synthetic,nan api call service returning error since last update blocking entire production deployment error internal server error,17,165,False
SYN-00736,,Charts and graphs on the analytics page take forever to render. Sometimes they never load at all.,performance,normal,synthetic,nan chart graph analytics page take forever render sometimes never load,11,101,False
SYN-00681,,Search results take 10 seconds to appear after typing. Makes the product nearly impossible to use efficiently.,performance,high,synthetic,nan search result take second appear typing make product nearly impossible use efficiently,13,114,False
REAL-00039,,Please allow us to customize the dashboard layout,feature_request,normal,manual_real,nan please allow u customize dashboard layout,7,53,False
SYN-00774,,Quick question about billing cycles — could not find a clear answer in the docs. Can someone point me in the right direction?,general,normal,synthetic,nan quick question billing cycle could not find clear answer doc someone point right direction,15,129,False
SYN-00874,,Just signed up for Business and getting started. Is there an onboarding guide or someone we can talk to?,general,normal,synthetic,nan signed business getting started onboarding guide someone talk,9,108,False
REAL-00027,,Please send me a receipt for my last payment,billing,normal,manual_real,nan please send receipt last payment,6,48,False
REAL-00031,,Getting a 500 error on every page since the update,bug_report,normal,manual_real,nan getting error every page since update,7,54,False
REAL-00052,,Is your platform GDPR compliant?,general,normal,manual_real,nan platform gdpr compliant,4,36,False
SYN-00073,,I cancelled 5 days ago but got billed again. This is the a major issue for our team. I need my $149 back immediately.,billing,high,synthetic,nan cancelled day ago got billed major issue team need back immediately,12,121,False
SYN-00184,,The bulk edit stopped working completely. Clicking it does nothing. Tried different browsers — same issue.,bug_report,high,synthetic,nan bulk edit stopped working completely clicking nothing tried different browser issue,12,110,False
SYN-00675,,Search results take 10 seconds to appear after typing. Makes the product nearly impossible to use efficiently.,performance,high,synthetic,nan search result take second appear typing make product nearly impossible use efficiently,13,114,False
SYN-00347,,Please add bulk save my changes for contacts. Doing it one at a time for 500+ records is very frustrating.,feature_request,normal,synthetic,nan please add bulk save change contact one time record frustrating,11,110,False
SYN-00402,,"Does Jira integration exist? If not, any plans to add it? It would completely change our workflow.",feature_request,normal,synthetic,nan jira integration exist not plan add would completely change workflow,11,102,False
SYN-00796,,What is included in the Business plan exactly? Trying to figure out if we need to upgrade before committing to annual.,general,normal,synthetic,nan included business plan exactly trying figure need upgrade committing annual,11,122,False
SYN-00390,,We desperately need the ability to export transactions to Excel. Currently copying everything manually which takes hours.,feature_request,normal,synthetic,nan desperately need ability export transaction excel currently copying everything manually take hour,13,125,False
SYN-00067,,I cancelled 3 days ago but got billed again. This is the the third time this month. I need my $299 back immediately.,billing,high,synthetic,nan cancelled day ago got billed third time month need back immediately,12,120,False
REAL-00004,,The upgrade button is broken — clicking it does nothing,billing,normal,manual_real,nan upgrade button broken clicking nothing,6,59,False
SYN-00123,,My card ending in 9012 expired. How do I update payment before the next cycle?,billing,normal,synthetic,nan card ending expired update payment next cycle,8,82,False
SYN-00406,,We would love API access to records so we can build our own integrations. Is this on the roadmap at all?,feature_request,normal,synthetic,nan would love api access record build integration roadmap,9,108,False
SYN-00203,,The numbers on the reports dashboard are wrong. They do not match our actual data at all. Looks like a calculation error.,bug_report,high,synthetic,nan number report dashboard wrong not match actual data look like calculation error,13,125,False
SYN-00532,,Lost my authenticator app. Cannot get past 2FA. Have backup codes but they are not being accepted. This is urgent.,account_access,critical,synthetic,nan lost authenticator app not get past 2fa backup code not accepted urgent,13,118,False
SYN-00114,,I downgraded my plan since the last update but I am still being charged the Team rate. This needs to be corrected and backdated.,billing,normal,synthetic,nan downgraded plan since last update still charged team rate need corrected backdated,13,132,False
SYN-00703,,Charts and graphs on the analytics page take forever to render. Sometimes they never load at all.,performance,normal,synthetic,nan chart graph analytics page take forever render sometimes never load,11,101,False
SYN-00042,,I downgraded my plan starting yesterday but I am still being charged the Pro rate. This needs to be corrected and backdated.,billing,normal,synthetic,nan downgraded plan starting yesterday still charged pro rate need corrected backdated,12,128,False
SYN-00713,,Exports keep timing out. Any projects report with more than 500 rows fails. I need this data urgently.,performance,high,synthetic,nan export keep timing project report row fails need data urgently,11,106,False
SYN-00839,,What is included in the Enterprise plan exactly? Trying to figure out if we need to upgrade before committing to annual.,general,normal,synthetic,nan included enterprise plan exactly trying figure need upgrade committing annual,11,124,False
SYN-00682,,Search results take 45 seconds to appear after typing. Makes the product nearly impossible to use efficiently.,performance,high,synthetic,nan search result take second appear typing make product nearly impossible use efficiently,13,114,False
SYN-00686,,Exports keep timing out. Any transactions report with more than 5000 rows fails. I need this data urgently.,performance,high,synthetic,nan export keep timing transaction report row fails need data urgently,11,111,False
SYN-00386,,Please add bulk run an analysis for contacts. Doing it one at a time for 500+ records is very frustrating.,feature_request,normal,synthetic,nan please add bulk run analysis contact one time record frustrating,11,110,False
SYN-00352,,We would love API access to contacts so we can build our own integrations. Is this on the roadmap at all?,feature_request,normal,synthetic,nan would love api access contact build integration roadmap,9,109,False
SYN-00157,,All API calls to your service are returning 500 errors for the past week. This is blocking our entire production deployment. Error: Request timeout,bug_report,critical,synthetic,nan api call service returning error past week blocking entire production deployment error request timeout,15,151,False
SYN-00890,,What is included in the Starter plan exactly? Trying to figure out if we need to upgrade before committing to annual.,general,normal,synthetic,nan included starter plan exactly trying figure need upgrade committing annual,11,121,False
SYN-00373,,Would love email or Slack notifications when a payment fails. I miss things because I cannot monitor the dashboard all day.,feature_request,normal,synthetic,nan would love email slack notification payment fails miss thing not monitor dashboard day,14,127,False
SYN-00404,,We desperately need the ability to export records to Google Sheets. Currently copying everything manually which takes hours.,feature_request,normal,synthetic,nan desperately need ability export record google sheet currently copying everything manually take hour,14,128,False
SYN-00469,,Our SSO login is broken starting yesterday. The whole team cannot access the platform. This is completely blocking us.,account_access,critical,synthetic,nan sso login broken starting yesterday whole team not access platform completely blocking u,14,122,False
SYN-00036,,Can you send a PDF invoice for my last payment? My company needs it for expense reporting. Name on invoice: Tech Solutions Inc.,billing,normal,synthetic,nan send pdf invoice last payment company need expense reporting name invoice tech solution inc,15,131,False
SYN-00566,,Our SSO login is broken since the last update. The whole team cannot access the platform. This is completely blocking us.,account_access,critical,synthetic,nan sso login broken since last update whole team not access platform completely blocking u,15,125,False
REAL-00054,,What is your uptime SLA for enterprise customers?,general,normal,manual_real,nan uptime sla enterprise customer,5,53,False
SYN-00181,,The export stopped working completely. Clicking it does nothing. Tried different browsers — same issue.,bug_report,high,synthetic,nan export stopped working completely clicking nothing tried different browser issue,11,107,False
SYN-00479,,Lost my authenticator app. Cannot get past 2FA. Have backup codes but they are not being accepted. This is urgent.,account_access,critical,synthetic,nan lost authenticator app not get past 2fa backup code not accepted urgent,13,118,False
SYN-00568,,How do I add a new team member with admin access? We are on the Starter plan and cannot figure out the settings.,account_access,normal,synthetic,nan add new team member admin access starter plan not figure setting,12,116,False
SYN-00445,,Is there a mobile app or is one planned? I need to check on things when I am away from my desk.,feature_request,normal,synthetic,nan mobile app one planned need check thing away desk,10,99,False
SYN-00837,,How do I cancel my subscription? I cannot find the option anywhere in the settings.,general,normal,synthetic,nan cancel subscription not find option anywhere setting,8,87,False
SYN-00327,,Please add bulk upload a file for invoices. Doing it one at a time for 500+ records is very frustrating.,feature_request,normal,synthetic,nan please add bulk upload file invoice one time record frustrating,11,108,False
SYN-00752,,How do I cancel my subscription? I cannot find the option anywhere in the settings.,general,normal,synthetic,nan cancel subscription not find option anywhere setting,8,87,False
SYN-00409,,We would love API access to reports so we can build our own integrations. Is this on the roadmap at all?,feature_request,normal,synthetic,nan would love api access report build integration roadmap,9,108,False
SYN-00677,,Charts and graphs on the analytics page take forever to render. Sometimes they never load at all.,performance,normal,synthetic,nan chart graph analytics page take forever render sometimes never load,11,101,False
SYN-00368,,Would love email or Slack notifications when a task gets assigned to me. I miss things because I cannot monitor the dashboard all day.,feature_request,normal,synthetic,nan would love email slack notification task get assigned miss thing not monitor dashboard day,15,138,False
SYN-00049,,I cancelled 5 days ago but got billed again. This is the very frustrating. I need my $149 back immediately.,billing,high,synthetic,nan cancelled day ago got billed frustrating need back immediately,10,111,False
SYN-00408,,Would love email or Slack notifications when a payment fails. I miss things because I cannot monitor the dashboard all day.,feature_request,normal,synthetic,nan would love email slack notification payment fails miss thing not monitor dashboard day,14,127,False
SYN-00792,,What is included in the Basic plan exactly? Trying to figure out if we need to upgrade before committing to annual.,general,normal,synthetic,nan included basic plan exactly trying figure need upgrade committing annual,11,119,False
SYN-00476,,I accidentally created two accounts. Can they be merged? I want to keep all the data from both if possible.,account_access,normal,synthetic,nan accidentally created two account merged want keep data possible,10,111,False
REAL-00042,,I need to transfer ownership of the account to a colleague,account_access,normal,manual_real,nan need transfer ownership account colleague,6,62,False
SYN-00322,,Any plans for a dark mode? Spending all day in the tool and the bright white interface is really straining my eyes.,feature_request,normal,synthetic,nan plan dark mode spending day tool bright white interface really straining eye,13,119,False
SYN-00628,,Exports keep timing out. Any invoices report with more than 500 rows fails. I need this data urgently.,performance,high,synthetic,nan export keep timing invoice report row fails need data urgently,11,106,False
REAL-00011,,The dashboard shows a loading spinner that never goes away,bug_report,normal,manual_real,nan dashboard show loading spinner never go away,8,62,False
SYN-00058,,I cancelled 14 days ago but got billed again. This is the a major issue for our team. I need my $79 back immediately.,billing,high,synthetic,nan cancelled day ago got billed major issue team need back immediately,12,121,False
SYN-00006,,Can you send a PDF invoice for my last payment? My company needs it for expense reporting. Name on invoice: NovaCo.,billing,normal,synthetic,nan send pdf invoice last payment company need expense reporting name invoice novaco,13,119,False
SYN-00725,,Charts and graphs on the analytics page take forever to render. Sometimes they never load at all.,performance,normal,synthetic,nan chart graph analytics page take forever render sometimes never load,11,101,False
SYN-00586,,How do I add a new team member with billing manager access? We are on the Pro plan and cannot figure out the settings.,account_access,normal,synthetic,nan add new team member billing manager access pro plan not figure setting,13,122,False
SYN-00575,,Need to move my account to a different email address. Old email is no longer accessible. What is the process?,account_access,normal,synthetic,nan need move account different email address old email no longer accessible process,13,113,False
SYN-00025,,I downgraded my plan randomly throughout the day but I am still being charged the Enterprise rate. This needs to be corrected and backdated.,billing,normal,synthetic,nan downgraded plan randomly throughout day still charged enterprise rate need corrected backdated,13,144,False
SYN-00763,,Quick question about API rate limits — could not find a clear answer in the docs. Can someone point me in the right direction?,general,normal,synthetic,nan quick question api rate limit could not find clear answer doc someone point right direction,16,130,False
SYN-00231,,The numbers on the dashboard dashboard are wrong. They do not match our actual data at all. Looks like a calculation error.,bug_report,high,synthetic,nan number dashboard dashboard wrong not match actual data look like calculation error,13,127,False
SYN-00074,,I downgraded my plan since the last update but I am still being charged the Team rate. This needs to be corrected and backdated.,billing,normal,synthetic,nan downgraded plan since last update still charged team rate need corrected backdated,13,132,False
SYN-00565,,How do I add a new team member with editor access? We are on the Basic plan and cannot figure out the settings.,account_access,normal,synthetic,nan add new team member editor access basic plan not figure setting,12,115,False
SYN-00626,,The billing page takes 15 seconds to load randomly throughout the day. It was instant before. Our whole team is affected.,performance,high,synthetic,nan billing page take second load randomly throughout day instant whole team affected,13,125,False
SYN-00200,,My projects disappear after saving. I get the green success message but everything is gone when I refresh. This is absolutely unacceptable.,bug_report,high,synthetic,nan project disappear saving get green success message everything gone refresh absolutely unacceptable,13,143,False
REAL-00017,,How is my usage calculated for billing purposes?,general,normal,manual_real,nan usage calculated billing purpose,5,52,False
SYN-00216,,"Cannot get into my account at all. Password is correct, reset email never arrives. Tried 5 times now.",bug_report,critical,synthetic,nan not get account password correct reset email never arrives tried time,12,105,False
SYN-00473,,Completely locked out. Have not been able to log in for 7 days. Reset emails are not coming through.,account_access,high,synthetic,nan completely locked not able log day reset email not coming,11,104,False
SYN-00807,,How do I cancel my subscription? I cannot find the option anywhere in the settings.,general,normal,synthetic,nan cancel subscription not find option anywhere setting,8,87,False
SYN-00161,,The filters stopped working completely. Clicking it does nothing. Tried different browsers — same issue.,bug_report,high,synthetic,nan filter stopped working completely clicking nothing tried different browser issue,11,108,False
REAL-00022,,It was fast yesterday but today nothing loads properly,performance,normal,manual_real,nan fast yesterday today nothing load properly,7,58,False
SYN-00599,,Our SSO login is broken since the last update. The whole team cannot access the platform. This is completely blocking us.,account_access,critical,synthetic,nan sso login broken since last update whole team not access platform completely blocking u,15,125,False
SYN-00314,,We would love API access to records so we can build our own integrations. Is this on the roadmap at all?,feature_request,normal,synthetic,nan would love api access record build integration roadmap,9,108,False
SYN-00281,,"Sometimes the notifications works fine, sometimes it just fails silently. No error message. Cannot reproduce consistently but it happens daily.",bug_report,high,synthetic,nan sometimes notification work fine sometimes fails silently no error message not reproduce consistently happens daily,16,147,False
SYN-00716,,Search results take 10 seconds to appear after typing. Makes the product nearly impossible to use efficiently.,performance,high,synthetic,nan search result take second appear typing make product nearly impossible use efficiently,13,114,False
SYN-00081,,My card ending in 4242 expired. How do I update payment before the next cycle?,billing,normal,synthetic,nan card ending expired update payment next cycle,8,82,False
SYN-00526,,Lost my authenticator app. Cannot get past 2FA. Have backup codes but they are not being accepted. This is urgent.,account_access,critical,synthetic,nan lost authenticator app not get past 2fa backup code not accepted urgent,13,118,False
SYN-00559,,I accidentally created two accounts. Can they be merged? I want to keep all the data from both if possible.,account_access,normal,synthetic,nan accidentally created two account merged want keep data possible,10,111,False
SYN-00876,,How do I bulk delete old records? The documentation is not very clear on this step.,general,normal,synthetic,nan bulk delete old record documentation not clear step,9,87,False
SYN-00016,,My invoice shows $149 but my plan is $79 per month. Please fix this and refund the difference.,billing,normal,synthetic,nan invoice show plan per month please fix refund difference,10,98,False
REAL-00029,,The annual plan discount was not applied to my invoice,billing,normal,manual_real,nan annual plan discount not applied invoice,7,58,False
SYN-00478,,Need to move my account to a different email address. Old email is no longer accessible. What is the process?,account_access,normal,synthetic,nan need move account different email address old email no longer accessible process,13,113,False
SYN-00254,,The search stopped working completely. Clicking it does nothing. Tried different browsers — same issue.,bug_report,high,synthetic,nan search stopped working completely clicking nothing tried different browser issue,11,107,False
SYN-00399,,Would love email or Slack notifications when a report finishes. I miss things because I cannot monitor the dashboard all day.,feature_request,normal,synthetic,nan would love email slack notification report finish miss thing not monitor dashboard day,14,129,False
SYN-00574,,Need to move my account to a different email address. Old email is no longer accessible. What is the process?,account_access,normal,synthetic,nan need move account different email address old email no longer accessible process,13,113,False
SYN-00313,,Please add bulk run an analysis for transactions. Doing it one at a time for 500+ records is causing us serious problems.,feature_request,normal,synthetic,nan please add bulk run analysis transaction one time record causing u serious problem,14,125,False
SYN-00517,,Lost my authenticator app. Cannot get past 2FA. Have backup codes but they are not being accepted. This is urgent.,account_access,critical,synthetic,nan lost authenticator app not get past 2fa backup code not accepted urgent,13,118,False
SYN-00071,,I downgraded my plan randomly throughout the day but I am still being charged the Basic rate. This needs to be corrected and backdated.,billing,normal,synthetic,nan downgraded plan randomly throughout day still charged basic rate need corrected backdated,13,139,False
SYN-00821,,How do I export historical data? The documentation is not very clear on this step.,general,normal,synthetic,nan export historical data documentation not clear step,8,86,False
SYN-00207,,"Cannot get into my account at all. Password is correct, reset email never arrives. Tried 14 times now.",bug_report,critical,synthetic,nan not get account password correct reset email never arrives tried time,12,106,False
SYN-00507,,How do I add a new team member with billing manager access? We are on the Basic plan and cannot figure out the settings.,account_access,normal,synthetic,nan add new team member billing manager access basic plan not figure setting,13,124,False
SYN-00242,,"Sometimes the notifications works fine, sometimes it just fails silently. No error message. Cannot reproduce consistently but it happens daily.",bug_report,high,synthetic,nan sometimes notification work fine sometimes fails silently no error message not reproduce consistently happens daily,16,147,False
SYN-00455,,Our SSO login is broken for the past week. The whole team cannot access the platform. This is completely blocking us.,account_access,critical,synthetic,nan sso login broken past week whole team not access platform completely blocking u,14,121,False
SYN-00496,,I accidentally created two accounts. Can they be merged? I want to keep all the data from both if possible.,account_access,normal,synthetic,nan accidentally created two account merged want keep data possible,10,111,False
SYN-00375,,Any plans for a dark mode? Spending all day in the tool and the bright white interface is really straining my eyes.,feature_request,normal,synthetic,nan plan dark mode spending day tool bright white interface really straining eye,13,119,False
SYN-00484,,How do I add a new team member with editor access? We are on the Business plan and cannot figure out the settings.,account_access,normal,synthetic,nan add new team member editor access business plan not figure setting,12,118,False
SYN-00826,,How do I cancel my subscription? I cannot find the option anywhere in the settings.,general,normal,synthetic,nan cancel subscription not find option anywhere setting,8,87,False
SYN-00851,,What is included in the Business plan exactly? Trying to figure out if we need to upgrade before committing to annual.,general,normal,synthetic,nan included business plan exactly trying figure need upgrade committing annual,11,122,False
SYN-00364,,Any plans for a dark mode? Spending all day in the tool and the bright white interface is really straining my eyes.,feature_request,normal,synthetic,nan plan dark mode spending day tool bright white interface really straining eye,13,119,False
SYN-00493,,Our SSO login is broken starting yesterday. The whole team cannot access the platform. This is completely blocking us.,account_access,critical,synthetic,nan sso login broken starting yesterday whole team not access platform completely blocking u,14,122,False
SYN-00468,,I accidentally created two accounts. Can they be merged? I want to keep all the data from both if possible.,account_access,normal,synthetic,nan accidentally created two account merged want keep data possible,10,111,False
SYN-00277,,The app crashes starting yesterday when I try to export a report. I am on Android 14. Error message: Request timeout,bug_report,critical,synthetic,nan app crash starting yesterday try export report android error message request timeout,13,120,False
SYN-00627,,Exports keep timing out. Any reports report with more than 5000 rows fails. I need this data urgently.,performance,high,synthetic,nan export keep timing report report row fails need data urgently,11,106,False
SYN-00294,,All API calls to your service are returning 500 errors since the last update. This is blocking our entire production deployment. Error: Authentication failed,bug_report,critical,synthetic,nan api call service returning error since last update blocking entire production deployment error authentication failed,16,161,False
SYN-00215,,"Cannot get into my account at all. Password is correct, reset email never arrives. Tried 14 times now.",bug_report,critical,synthetic,nan not get account password correct reset email never arrives tried time,12,106,False
SYN-00382,,"Does Jira integration exist? If not, any plans to add it? It would completely change our workflow.",feature_request,normal,synthetic,nan jira integration exist not plan add would completely change workflow,11,102,False
SYN-00135,,I cancelled 30 days ago but got billed again. This is the absolutely unacceptable. I need my $19 back immediately.,billing,high,synthetic,nan cancelled day ago got billed absolutely unacceptable need back immediately,11,118,False
SYN-00311,,Is there a mobile app or is one planned? I need to check on things when I am away from my desk.,feature_request,normal,synthetic,nan mobile app one planned need check thing away desk,10,99,False
SYN-00754,,How do I export historical data? The documentation is not very clear on this step.,general,normal,synthetic,nan export historical data documentation not clear step,8,86,False
SYN-00353,,Would love email or Slack notifications when a report finishes. I miss things because I cannot monitor the dashboard all day.,feature_request,normal,synthetic,nan would love email slack notification report finish miss thing not monitor dashboard day,14,129,False
REAL-00030,,The app crashes immediately when I open it on iPhone,bug_report,normal,manual_real,nan app crash immediately open iphone,6,56,False
SYN-00788,,How do I cancel my subscription? I cannot find the option anywhere in the settings.,general,normal,synthetic,nan cancel subscription not find option anywhere setting,8,87,False
SYN-00227,,The filters stopped working completely. Clicking it does nothing. Tried different browsers — same issue.,bug_report,high,synthetic,nan filter stopped working completely clicking nothing tried different browser issue,11,108,False
SYN-00224,,The app crashes since the last update when I try to run an analysis. I am on Windows 11. Error message: Authentication failed,bug_report,critical,synthetic,nan app crash since last update try run analysis window error message authentication failed,14,129,False
SYN-00122,,My invoice shows $99 but my plan is $99 per month. Please fix this and refund the difference.,billing,normal,synthetic,nan invoice show plan per month please fix refund difference,10,97,False
SYN-00544,,How do I add a new team member with editor access? We are on the Basic plan and cannot figure out the settings.,account_access,normal,synthetic,nan add new team member editor access basic plan not figure setting,12,115,False
SYN-00009,,I was charged twice for my Team subscription. Two identical charges of $99 appeared on my statement. Please refund one.,billing,high,synthetic,nan charged twice team subscription two identical charge appeared statement please refund one,13,123,False
SYN-00528,,Our SSO login is broken starting yesterday. The whole team cannot access the platform. This is completely blocking us.,account_access,critical,synthetic,nan sso login broken starting yesterday whole team not access platform completely blocking u,14,122,False
SYN-00303,,Would love email or Slack notifications when a task gets assigned to me. I miss things because I cannot monitor the dashboard all day.,feature_request,normal,synthetic,nan would love email slack notification task get assigned miss thing not monitor dashboard day,15,138,False
SYN-00287,,All API calls to your service are returning 500 errors starting yesterday. This is blocking our entire production deployment. Error: 500 Internal Server Error,bug_report,critical,synthetic,nan api call service returning error starting yesterday blocking entire production deployment error internal server error,16,162,False
SYN-00183,,My transactions disappear after saving. I get the green success message but everything is gone when I refresh. This is very frustrating.,bug_report,high,synthetic,nan transaction disappear saving get green success message everything gone refresh frustrating,12,140,False
SYN-00858,,Does your platform work with Slack? Evaluating options right now and this is a key requirement.,general,normal,synthetic,nan platform work slack evaluating option right key requirement,9,99,False
SYN-00582,,Completely locked out. Have not been able to log in for 5 days. Reset emails are not coming through.,account_access,high,synthetic,nan completely locked not able log day reset email not coming,11,104,False
SYN-00188,,My records disappear after saving. I get the green success message but everything is gone when I refresh. This is a major issue for our team.,bug_report,high,synthetic,nan record disappear saving get green success message everything gone refresh major issue team,14,145,False
SYN-00809,,Just signed up for Basic and getting started. Is there an onboarding guide or someone we can talk to?,general,normal,synthetic,nan signed basic getting started onboarding guide someone talk,9,105,False
SYN-00489,,Completely locked out. Have not been able to log in for 7 days. Reset emails are not coming through.,account_access,high,synthetic,nan completely locked not able log day reset email not coming,11,104,False
SYN-00738,,Exports keep timing out. Any transactions report with more than 1000 rows fails. I need this data urgently.,performance,high,synthetic,nan export keep timing transaction report row fails need data urgently,11,111,False
SYN-00707,,Charts and graphs on the analytics page take forever to render. Sometimes they never load at all.,performance,normal,synthetic,nan chart graph analytics page take forever render sometimes never load,11,101,False
SYN-00341,,"Does Jira integration exist? If not, any plans to add it? It would completely change our workflow.",feature_request,normal,synthetic,nan jira integration exist not plan add would completely change workflow,11,102,False
SYN-00066,,I was charged twice for my Enterprise subscription. Two identical charges of $299 appeared on my statement. Please refund one.,billing,high,synthetic,nan charged twice enterprise subscription two identical charge appeared statement please refund one,13,130,False
SYN-00132,,Can you send a PDF invoice for my last payment? My company needs it for expense reporting. Name on invoice: Acme Corp.,billing,normal,synthetic,nan send pdf invoice last payment company need expense reporting name invoice acme corp,14,122,False
SYN-00371,,"Does Zapier integration exist? If not, any plans to add it? It would completely change our workflow.",feature_request,normal,synthetic,nan zapier integration exist not plan add would completely change workflow,11,104,False
SYN-00641,,Charts and graphs on the analytics page take forever to render. Sometimes they never load at all.,performance,normal,synthetic,nan chart graph analytics page take forever render sometimes never load,11,101,False
SYN-00221,,The numbers on the reports dashboard are wrong. They do not match our actual data at all. Looks like a calculation error.,bug_report,high,synthetic,nan number report dashboard wrong not match actual data look like calculation error,13,125,False
SYN-00823,,Just signed up for Pro and getting started. Is there an onboarding guide or someone we can talk to?,general,normal,synthetic,nan signed pro getting started onboarding guide someone talk,9,103,False
SYN-00844,,How do I export historical data? The documentation is not very clear on this step.,general,normal,synthetic,nan export historical data documentation not clear step,8,86,False
SYN-00029,,I downgraded my plan since the last update but I am still being charged the Business rate. This needs to be corrected and backdated.,billing,normal,synthetic,nan downgraded plan since last update still charged business rate need corrected backdated,13,136,False
SYN-00109,,My invoice shows $199 but my plan is $79 per month. Please fix this and refund the difference.,billing,normal,synthetic,nan invoice show plan per month please fix refund difference,10,98,False
SYN-00454,,Lost my authenticator app. Cannot get past 2FA. Have backup codes but they are not being accepted. This is urgent.,account_access,critical,synthetic,nan lost authenticator app not get past 2fa backup code not accepted urgent,13,118,False
SYN-00667,,The dashboard page takes 10 seconds to load since the last update. It was instant before. Our whole team is affected.,performance,high,synthetic,nan dashboard page take second load since last update instant whole team affected,13,121,False
SYN-00206,,All API calls to your service are returning 500 errors starting yesterday. This is blocking our entire production deployment. Error: 500 Internal Server Error,bug_report,critical,synthetic,nan api call service returning error starting yesterday blocking entire production deployment error internal server error,16,162,False
SYN-00832,,What is included in the Business plan exactly? Trying to figure out if we need to upgrade before committing to annual.,general,normal,synthetic,nan included business plan exactly trying figure need upgrade committing annual,11,122,False
SYN-00308,,We would love API access to projects so we can build our own integrations. Is this on the roadmap at all?,feature_request,normal,synthetic,nan would love api access project build integration roadmap,9,109,False
SYN-00456,,I accidentally created two accounts. Can they be merged? I want to keep all the data from both if possible.,account_access,normal,synthetic,nan accidentally created two account merged want keep data possible,10,111,False
SYN-00407,,We would love API access to transactions so we can build our own integrations. Is this on the roadmap at all?,feature_request,normal,synthetic,nan would love api access transaction build integration roadmap,9,113,False
SYN-00246,,The numbers on the settings dashboard are wrong. They do not match our actual data at all. Looks like a calculation error.,bug_report,high,synthetic,nan number setting dashboard wrong not match actual data look like calculation error,13,126,False
SYN-00652,,Charts and graphs on the analytics page take forever to render. Sometimes they never load at all.,performance,normal,synthetic,nan chart graph analytics page take forever render sometimes never load,11,101,False
SYN-00339,,Please add bulk save my changes for transactions. Doing it one at a time for 500+ records is a major issue for our team.,feature_request,normal,synthetic,nan please add bulk save change transaction one time record major issue team,13,124,False
REAL-00050,,What is the difference between the Pro and Business plans?,general,normal,manual_real,nan difference pro business plan,5,62,False
SYN-00140,,I have no idea what this $29 charge is for. I do not remember signing up for anything new. Can you explain this?,billing,high,synthetic,nan no idea charge not remember signing anything new explain,10,116,False
SYN-00638,,Search results take 45 seconds to appear after typing. Makes the product nearly impossible to use efficiently.,performance,high,synthetic,nan search result take second appear typing make product nearly impossible use efficiently,13,114,False
SYN-00480,,I accidentally created two accounts. Can they be merged? I want to keep all the data from both if possible.,account_access,normal,synthetic,nan accidentally created two account merged want keep data possible,10,111,False
SYN-00772,,What is included in the Starter plan exactly? Trying to figure out if we need to upgrade before committing to annual.,general,normal,synthetic,nan included starter plan exactly trying figure need upgrade committing annual,11,121,False
SYN-00739,,The billing page takes 10 seconds to load randomly throughout the day. It was instant before. Our whole team is affected.,performance,high,synthetic,nan billing page take second load randomly throughout day instant whole team affected,13,125,False
SYN-00234,,The export stopped working completely. Clicking it does nothing. Tried different browsers — same issue.,bug_report,high,synthetic,nan export stopped working completely clicking nothing tried different browser issue,11,107,False
SYN-00019,,My invoice shows $149 but my plan is $99 per month. Please fix this and refund the difference.,billing,normal,synthetic,nan invoice show plan per month please fix refund difference,10,98,False
SYN-00723,,The settings page takes 10 seconds to load after we upgraded plans. It was instant before. Our whole team is affected.,performance,high,synthetic,nan setting page take second load upgraded plan instant whole team affected,12,122,False
SYN-00614,,Search results take 15 seconds to appear after typing. Makes the product nearly impossible to use efficiently.,performance,high,synthetic,nan search result take second appear typing make product nearly impossible use efficiently,13,114,False
SYN-00497,,I accidentally created two accounts. Can they be merged? I want to keep all the data from both if possible.,account_access,normal,synthetic,nan accidentally created two account merged want keep data possible,10,111,False
SYN-00097,,I was charged twice for my Team subscription. Two identical charges of $99 appeared on my statement. Please refund one.,billing,high,synthetic,nan charged twice team subscription two identical charge appeared statement please refund one,13,123,False
SYN-00795,,How do I cancel my subscription? I cannot find the option anywhere in the settings.,general,normal,synthetic,nan cancel subscription not find option anywhere setting,8,87,False
SYN-00411,,Is there a mobile app or is one planned? I need to check on things when I am away from my desk.,feature_request,normal,synthetic,nan mobile app one planned need check thing away desk,10,99,False
SYN-00495,,Completely locked out. Have not been able to log in for 5 days. Reset emails are not coming through.,account_access,high,synthetic,nan completely locked not able log day reset email not coming,11,104,False
SYN-00226,,The numbers on the billing dashboard are wrong. They do not match our actual data at all. Looks like a calculation error.,bug_report,high,synthetic,nan number billing dashboard wrong not match actual data look like calculation error,13,125,False
SYN-00214,,All API calls to your service are returning 500 errors for the past week. This is blocking our entire production deployment. Error: Authentication failed,bug_report,critical,synthetic,nan api call service returning error past week blocking entire production deployment error authentication failed,15,157,False
SYN-00462,,Lost my authenticator app. Cannot get past 2FA. Have backup codes but they are not being accepted. This is urgent.,account_access,critical,synthetic,nan lost authenticator app not get past 2fa backup code not accepted urgent,13,118,False
SYN-00201,,The numbers on the reports dashboard are wrong. They do not match our actual data at all. Looks like a calculation error.,bug_report,high,synthetic,nan number report dashboard wrong not match actual data look like calculation error,13,125,False
SYN-00222,,The export stopped working completely. Clicking it does nothing. Tried different browsers — same issue.,bug_report,high,synthetic,nan export stopped working completely clicking nothing tried different browser issue,11,107,False
SYN-00771,,Just signed up for Enterprise and getting started. Is there an onboarding guide or someone we can talk to?,general,normal,synthetic,nan signed enterprise getting started onboarding guide someone talk,9,110,False
SYN-00483,,Lost my authenticator app. Cannot get past 2FA. Have backup codes but they are not being accepted. This is urgent.,account_access,critical,synthetic,nan lost authenticator app not get past 2fa backup code not accepted urgent,13,118,False
REAL-00014,,Can I set up automatic billing reports?,feature_request,normal,manual_real,nan set automatic billing report,5,43,False
SYN-00195,,"Cannot get into my account at all. Password is correct, reset email never arrives. Tried 30 times now.",bug_report,critical,synthetic,nan not get account password correct reset email never arrives tried time,12,106,False
SYN-00759,,Quick question about API rate limits — could not find a clear answer in the docs. Can someone point me in the right direction?,general,normal,synthetic,nan quick question api rate limit could not find clear answer doc someone point right direction,16,130,False
SYN-00873,,Does your platform work with QuickBooks? Evaluating options right now and this is a key requirement.,general,normal,synthetic,nan platform work quickbooks evaluating option right key requirement,9,104,False
SYN-00046,,I have no idea what this $149 charge is for. I do not remember signing up for anything new. Can you explain this?,billing,high,synthetic,nan no idea charge not remember signing anything new explain,10,117,False
SYN-00432,,We would love API access to invoices so we can build our own integrations. Is this on the roadmap at all?,feature_request,normal,synthetic,nan would love api access invoice build integration roadmap,9,109,False
SYN-00383,,Would love email or Slack notifications when a report finishes. I miss things because I cannot monitor the dashboard all day.,feature_request,normal,synthetic,nan would love email slack notification report finish miss thing not monitor dashboard day,14,129,False
SYN-00325,,Please add bulk save my changes for tasks. Doing it one at a time for 500+ records is the third time this month.,feature_request,normal,synthetic,nan please add bulk save change task one time record third time month,13,116,False
SYN-00361,,Any plans for a dark mode? Spending all day in the tool and the bright white interface is really straining my eyes.,feature_request,normal,synthetic,nan plan dark mode spending day tool bright white interface really straining eye,13,119,False
SYN-00389,,Is there a mobile app or is one planned? I need to check on things when I am away from my desk.,feature_request,normal,synthetic,nan mobile app one planned need check thing away desk,10,99,False
SYN-00119,,My card ending in 1234 expired. How do I update payment before the next cycle?,billing,normal,synthetic,nan card ending expired update payment next cycle,8,82,False
SYN-00579,,How do I add a new team member with read-only access? We are on the Starter plan and cannot figure out the settings.,account_access,normal,synthetic,nan add new team member read access starter plan not figure setting,12,120,False
SYN-00856,,How do I cancel my subscription? I cannot find the option anywhere in the settings.,general,normal,synthetic,nan cancel subscription not find option anywhere setting,8,87,False
SYN-00518,,Need to move my account to a different email address. Old email is no longer accessible. What is the process?,account_access,normal,synthetic,nan need move account different email address old email no longer accessible process,13,113,False
SYN-00273,,"Sometimes the notifications works fine, sometimes it just fails silently. No error message. Cannot reproduce consistently but it happens daily.",bug_report,high,synthetic,nan sometimes notification work fine sometimes fails silently no error message not reproduce consistently happens daily,16,147,False
SYN-00392,,Any plans for a dark mode? Spending all day in the tool and the bright white interface is really straining my eyes.,feature_request,normal,synthetic,nan plan dark mode spending day tool bright white interface really straining eye,13,119,False
SYN-00726,,The browser tab uses more and more memory over time and eventually crashes. Have to refresh every hour or so.,performance,high,synthetic,nan browser tab us memory time eventually crash refresh every hour,11,113,False
SYN-00244,,"Cannot get into my account at all. Password is correct, reset email never arrives. Tried 30 times now.",bug_report,critical,synthetic,nan not get account password correct reset email never arrives tried time,12,106,False
SYN-00105,,My card ending in 4242 expired. How do I update payment before the next cycle?,billing,normal,synthetic,nan card ending expired update payment next cycle,8,82,False
SYN-00719,,Charts and graphs on the analytics page take forever to render. Sometimes they never load at all.,performance,normal,synthetic,nan chart graph analytics page take forever render sometimes never load,11,101,False
SYN-00150,,I have no idea what this $79 charge is for. I do not remember signing up for anything new. Can you explain this?,billing,high,synthetic,nan no idea charge not remember signing anything new explain,10,116,False
SYN-00377,,Is there a mobile app or is one planned? I need to check on things when I am away from my desk.,feature_request,normal,synthetic,nan mobile app one planned need check thing away desk,10,99,False
SYN-00787,,What is included in the Pro plan exactly? Trying to figure out if we need to upgrade before committing to annual.,general,normal,synthetic,nan included pro plan exactly trying figure need upgrade committing annual,11,117,False
SYN-00223,,The bulk edit stopped working completely. Clicking it does nothing. Tried different browsers — same issue.,bug_report,high,synthetic,nan bulk edit stopped working completely clicking nothing tried different browser issue,12,110,False
SYN-00870,,Does your platform work with Slack? Evaluating options right now and this is a key requirement.,general,normal,synthetic,nan platform work slack evaluating option right key requirement,9,99,False
SYN-00191,,My reports disappear after saving. I get the green success message but everything is gone when I refresh. This is a major issue for our team.,bug_report,high,synthetic,nan report disappear saving get green success message everything gone refresh major issue team,14,145,False
SYN-00674,,The reports page takes 45 seconds to load for the past week. It was instant before. Our whole team is affected.,performance,high,synthetic,nan report page take second load past week instant whole team affected,12,115,False
SYN-00282,,My contacts disappear after saving. I get the green success message but everything is gone when I refresh. This is causing us serious problems.,bug_report,high,synthetic,nan contact disappear saving get green success message everything gone refresh causing u serious problem,15,147,False
SYN-00054,,My invoice shows $299 but my plan is $79 per month. Please fix this and refund the difference.,billing,normal,synthetic,nan invoice show plan per month please fix refund difference,10,98,False
REAL-00005,,Your payment page crashes before I can complete checkout,billing,normal,manual_real,nan payment page crash complete checkout,6,60,False
SYN-00450,,Would love email or Slack notifications when a report finishes. I miss things because I cannot monitor the dashboard all day.,feature_request,normal,synthetic,nan would love email slack notification report finish miss thing not monitor dashboard day,14,129,False
SYN-00139,,I cancelled 14 days ago but got billed again. This is the very frustrating. I need my $149 back immediately.,billing,high,synthetic,nan cancelled day ago got billed frustrating need back immediately,10,112,False
SYN-00848,,How do I bulk delete old records? The documentation is not very clear on this step.,general,normal,synthetic,nan bulk delete old record documentation not clear step,9,87,False
SYN-00742,,Exports keep timing out. Any reports report with more than 500 rows fails. I need this data urgently.,performance,high,synthetic,nan export keep timing report report row fails need data urgently,11,105,False
SYN-00358,,Any plans for a dark mode? Spending all day in the tool and the bright white interface is really straining my eyes.,feature_request,normal,synthetic,nan plan dark mode spending day tool bright white interface really straining eye,13,119,False
SYN-00805,,Quick question about API rate limits — could not find a clear answer in the docs. Can someone point me in the right direction?,general,normal,synthetic,nan quick question api rate limit could not find clear answer doc someone point right direction,16,130,False
SYN-00776,,How do I cancel my subscription? I cannot find the option anywhere in the settings.,general,normal,synthetic,nan cancel subscription not find option anywhere setting,8,87,False
SYN-00673,,Search results take 30 seconds to appear after typing. Makes the product nearly impossible to use efficiently.,performance,high,synthetic,nan search result take second appear typing make product nearly impossible use efficiently,13,114,False
SYN-00691,,Charts and graphs on the analytics page take forever to render. Sometimes they never load at all.,performance,normal,synthetic,nan chart graph analytics page take forever render sometimes never load,11,101,False
SYN-00197,,All API calls to your service are returning 500 errors for the past week. This is blocking our entire production deployment. Error: 500 Internal Server Error,bug_report,critical,synthetic,nan api call service returning error past week blocking entire production deployment error internal server error,16,161,False
SYN-00041,,I have no idea what this $149 charge is for. I do not remember signing up for anything new. Can you explain this?,billing,high,synthetic,nan no idea charge not remember signing anything new explain,10,117,False
SYN-00117,,I downgraded my plan starting yesterday but I am still being charged the Business rate. This needs to be corrected and backdated.,billing,normal,synthetic,nan downgraded plan starting yesterday still charged business rate need corrected backdated,12,133,False
SYN-00319,,Would love email or Slack notifications when a task gets assigned to me. I miss things because I cannot monitor the dashboard all day.,feature_request,normal,synthetic,nan would love email slack notification task get assigned miss thing not monitor dashboard day,15,138,False
SYN-00173,,The export stopped working completely. Clicking it does nothing. Tried different browsers — same issue.,bug_report,high,synthetic,nan export stopped working completely clicking nothing tried different browser issue,11,107,False
SYN-00779,,How do I cancel my subscription? I cannot find the option anywhere in the settings.,general,normal,synthetic,nan cancel subscription not find option anywhere setting,8,87,False
SYN-00292,,"Sometimes the search works fine, sometimes it just fails silently. No error message. Cannot reproduce consistently but it happens daily.",bug_report,high,synthetic,nan sometimes search work fine sometimes fails silently no error message not reproduce consistently happens daily,16,140,False
SYN-00005,,Can you send a PDF invoice for my last payment? My company needs it for expense reporting. Name on invoice: Acme Corp.,billing,normal,synthetic,nan send pdf invoice last payment company need expense reporting name invoice acme corp,14,122,False
REAL-00034,,Two factor auth code is accepted but then login fails anyway,bug_report,normal,manual_real,nan two factor auth code accepted login fails anyway,9,64,False
SYN-00746,,Charts and graphs on the analytics page take forever to render. Sometimes they never load at all.,performance,normal,synthetic,nan chart graph analytics page take forever render sometimes never load,11,101,False
SYN-00748,,The browser tab uses more and more memory over time and eventually crashes. Have to refresh every hour or so.,performance,high,synthetic,nan browser tab us memory time eventually crash refresh every hour,11,113,False
SYN-00418,,"Does Salesforce integration exist? If not, any plans to add it? It would completely change our workflow.",feature_request,normal,synthetic,nan salesforce integration exist not plan add would completely change workflow,11,108,False
SYN-00265,,The app crashes after we upgraded plans when I try to save my changes. I am on iOS 17. Error message: Request timeout,bug_report,critical,synthetic,nan app crash upgraded plan try save change io error message request timeout,13,121,False
SYN-00486,,Lost my authenticator app. Cannot get past 2FA. Have backup codes but they are not being accepted. This is urgent.,account_access,critical,synthetic,nan lost authenticator app not get past 2fa backup code not accepted urgent,13,118,False
SYN-00086,,Can you send a PDF invoice for my last payment? My company needs it for expense reporting. Name on invoice: Tech Solutions Inc.,billing,normal,synthetic,nan send pdf invoice last payment company need expense reporting name invoice tech solution inc,15,131,False
SYN-00859,,Just signed up for Enterprise and getting started. Is there an onboarding guide or someone we can talk to?,general,normal,synthetic,nan signed enterprise getting started onboarding guide someone talk,9,110,False
SYN-00186,,"Cannot get into my account at all. Password is correct, reset email never arrives. Tried 7 times now.",bug_report,critical,synthetic,nan not get account password correct reset email never arrives tried time,12,105,False
SYN-00235,,"Sometimes the filters works fine, sometimes it just fails silently. No error message. Cannot reproduce consistently but it happens daily.",bug_report,high,synthetic,nan sometimes filter work fine sometimes fails silently no error message not reproduce consistently happens daily,16,141,False
SYN-00896,,Just signed up for Basic and getting started. Is there an onboarding guide or someone we can talk to?,general,normal,synthetic,nan signed basic getting started onboarding guide someone talk,9,105,False
SYN-00100,,I have no idea what this $19 charge is for. I do not remember signing up for anything new. Can you explain this?,billing,high,synthetic,nan no idea charge not remember signing anything new explain,10,116,False
SYN-00816,,How do I bulk delete old records? The documentation is not very clear on this step.,general,normal,synthetic,nan bulk delete old record documentation not clear step,9,87,False
SYN-00857,,What is included in the Pro plan exactly? Trying to figure out if we need to upgrade before committing to annual.,general,normal,synthetic,nan included pro plan exactly trying figure need upgrade committing annual,11,117,False
SYN-00422,,Is there a mobile app or is one planned? I need to check on things when I am away from my desk.,feature_request,normal,synthetic,nan mobile app one planned need check thing away desk,10,99,False
SYN-00603,,Search results take 30 seconds to appear after typing. Makes the product nearly impossible to use efficiently.,performance,high,synthetic,nan search result take second appear typing make product nearly impossible use efficiently,13,114,False
SYN-00348,,Please add bulk export a report for tasks. Doing it one at a time for 500+ records is very frustrating.,feature_request,normal,synthetic,nan please add bulk export report task one time record frustrating,11,107,False
SYN-00498,,How do I add a new team member with billing manager access? We are on the Pro plan and cannot figure out the settings.,account_access,normal,synthetic,nan add new team member billing manager access pro plan not figure setting,13,122,False
SYN-00869,,Just signed up for Pro and getting started. Is there an onboarding guide or someone we can talk to?,general,normal,synthetic,nan signed pro getting started onboarding guide someone talk,9,103,False
SYN-00023,,Can you send a PDF invoice for my last payment? My company needs it for expense reporting. Name on invoice: Bright Ventures LLC.,billing,normal,synthetic,nan send pdf invoice last payment company need expense reporting name invoice bright venture llc,15,132,False
SYN-00481,,Lost my authenticator app. Cannot get past 2FA. Have backup codes but they are not being accepted. This is urgent.,account_access,critical,synthetic,nan lost authenticator app not get past 2fa backup code not accepted urgent,13,118,False
SYN-00160,,My reports disappear after saving. I get the green success message but everything is gone when I refresh. This is the third time this month.,bug_report,high,synthetic,nan report disappear saving get green success message everything gone refresh third time month,14,144,False
SYN-00737,,The settings page takes 20 seconds to load for the past week. It was instant before. Our whole team is affected.,performance,high,synthetic,nan setting page take second load past week instant whole team affected,12,116,False
SYN-00619,,Search results take 10 seconds to appear after typing. Makes the product nearly impossible to use efficiently.,performance,high,synthetic,nan search result take second appear typing make product nearly impossible use efficiently,13,114,False
SYN-00576,,I accidentally created two accounts. Can they be merged? I want to keep all the data from both if possible.,account_access,normal,synthetic,nan accidentally created two account merged want keep data possible,10,111,False
SYN-00410,,"Does Notion integration exist? If not, any plans to add it? It would completely change our workflow.",feature_request,normal,synthetic,nan notion integration exist not plan add would completely change workflow,11,104,False
SYN-00640,,The settings page takes 45 seconds to load starting yesterday. It was instant before. Our whole team is affected.,performance,high,synthetic,nan setting page take second load starting yesterday instant whole team affected,12,117,False
SYN-00305,,Any plans for a dark mode? Spending all day in the tool and the bright white interface is really straining my eyes.,feature_request,normal,synthetic,nan plan dark mode spending day tool bright white interface really straining eye,13,119,False
SYN-00644,,The browser tab uses more and more memory over time and eventually crashes. Have to refresh every hour or so.,performance,high,synthetic,nan browser tab us memory time eventually crash refresh every hour,11,113,False
REAL-00015,,Is there an option to see all team activity in one place?,feature_request,normal,manual_real,nan option see team activity one place,7,61,False
SYN-00050,,I have no idea what this $19 charge is for. I do not remember signing up for anything new. Can you explain this?,billing,high,synthetic,nan no idea charge not remember signing anything new explain,10,116,False
SYN-00706,,Search results take 15 seconds to appear after typing. Makes the product nearly impossible to use efficiently.,performance,high,synthetic,nan search result take second appear typing make product nearly impossible use efficiently,13,114,False
SYN-00359,,We would love API access to contacts so we can build our own integrations. Is this on the roadmap at all?,feature_request,normal,synthetic,nan would love api access contact build integration roadmap,9,109,False
SYN-00434,,Any plans for a dark mode? Spending all day in the tool and the bright white interface is really straining my eyes.,feature_request,normal,synthetic,nan plan dark mode spending day tool bright white interface really straining eye,13,119,False
SYN-00425,,Any plans for a dark mode? Spending all day in the tool and the bright white interface is really straining my eyes.,feature_request,normal,synthetic,nan plan dark mode spending day tool bright white interface really straining eye,13,119,False
SYN-00833,,How do I cancel my subscription? I cannot find the option anywhere in the settings.,general,normal,synthetic,nan cancel subscription not find option anywhere setting,8,87,False
SYN-00213,,"Cannot get into my account at all. Password is correct, reset email never arrives. Tried 30 times now.",bug_report,critical,synthetic,nan not get account password correct reset email never arrives tried time,12,106,False
SYN-00642,,The billing page takes 20 seconds to load after we upgraded plans. It was instant before. Our whole team is affected.,performance,high,synthetic,nan billing page take second load upgraded plan instant whole team affected,12,121,False
SYN-00530,,Need to move my account to a different email address. Old email is no longer accessible. What is the process?,account_access,normal,synthetic,nan need move account different email address old email no longer accessible process,13,113,False
SYN-00784,,Does your platform work with Zapier? Evaluating options right now and this is a key requirement.,general,normal,synthetic,nan platform work zapier evaluating option right key requirement,9,100,False
REAL-00008,,The export never finishes — just spins forever,bug_report,normal,manual_real,nan export never finish spin forever,6,50,False
SYN-00239,,"Sometimes the notifications works fine, sometimes it just fails silently. No error message. Cannot reproduce consistently but it happens daily.",bug_report,high,synthetic,nan sometimes notification work fine sometimes fails silently no error message not reproduce consistently happens daily,16,147,False
SYN-00299,,"Sometimes the filters works fine, sometimes it just fails silently. No error message. Cannot reproduce consistently but it happens daily.",bug_report,high,synthetic,nan sometimes filter work fine sometimes fails silently no error message not reproduce consistently happens daily,16,141,False
REAL-00000,,I cannot get into my account to check my invoice,account_access,normal,manual_real,nan not get account check invoice,6,52,False
SYN-00885,,How do I export historical data? The documentation is not very clear on this step.,general,normal,synthetic,nan export historical data documentation not clear step,8,86,False
SYN-00448,,We desperately need the ability to export transactions to Google Sheets. Currently copying everything manually which takes hours.,feature_request,normal,synthetic,nan desperately need ability export transaction google sheet currently copying everything manually take hour,14,133,False
SYN-00878,,How do I set up SSO? The documentation is not very clear on this step.,general,normal,synthetic,nan set sso documentation not clear step,7,74,False
SYN-00541,,Lost my authenticator app. Cannot get past 2FA. Have backup codes but they are not being accepted. This is urgent.,account_access,critical,synthetic,nan lost authenticator app not get past 2fa backup code not accepted urgent,13,118,False
SYN-00573,,Need to move my account to a different email address. Old email is no longer accessible. What is the process?,account_access,normal,synthetic,nan need move account different email address old email no longer accessible process,13,113,False
REAL-00010,,Page loads but then goes blank after a few seconds,bug_report,normal,manual_real,nan page load go blank second,6,54,False
SYN-00511,,Completely locked out. Have not been able to log in for 5 days. Reset emails are not coming through.,account_access,high,synthetic,nan completely locked not able log day reset email not coming,11,104,False
SYN-00210,,"Cannot get into my account at all. Password is correct, reset email never arrives. Tried 30 times now.",bug_report,critical,synthetic,nan not get account password correct reset email never arrives tried time,12,106,False
SYN-00500,,Lost my authenticator app. Cannot get past 2FA. Have backup codes but they are not being accepted. This is urgent.,account_access,critical,synthetic,nan lost authenticator app not get past 2fa backup code not accepted urgent,13,118,False
SYN-00694,,Search results take 15 seconds to appear after typing. Makes the product nearly impossible to use efficiently.,performance,high,synthetic,nan search result take second appear typing make product nearly impossible use efficiently,13,114,False
SYN-00458,,Lost my authenticator app. Cannot get past 2FA. Have backup codes but they are not being accepted. This is urgent.,account_access,critical,synthetic,nan lost authenticator app not get past 2fa backup code not accepted urgent,13,118,False
SYN-00802,,How do I cancel my subscription? I cannot find the option anywhere in the settings.,general,normal,synthetic,nan cancel subscription not find option anywhere setting,8,87,False
SYN-00072,,Can you send a PDF invoice for my last payment? My company needs it for expense reporting. Name on invoice: Tech Solutions Inc.,billing,normal,synthetic,nan send pdf invoice last payment company need expense reporting name invoice tech solution inc,15,131,False
SYN-00623,,Charts and graphs on the analytics page take forever to render. Sometimes they never load at all.,performance,normal,synthetic,nan chart graph analytics page take forever render sometimes never load,11,101,False
SYN-00672,,The browser tab uses more and more memory over time and eventually crashes. Have to refresh every hour or so.,performance,high,synthetic,nan browser tab us memory time eventually crash refresh every hour,11,113,False
SYN-00846,,What is included in the Starter plan exactly? Trying to figure out if we need to upgrade before committing to annual.,general,normal,synthetic,nan included starter plan exactly trying figure need upgrade committing annual,11,121,False
SYN-00831,,Just signed up for Basic and getting started. Is there an onboarding guide or someone we can talk to?,general,normal,synthetic,nan signed basic getting started onboarding guide someone talk,9,105,False
REAL-00046,,Reports that used to take 2 seconds now take 2 minutes,performance,normal,manual_real,nan report used take second take minute,7,58,False
SYN-00585,,I accidentally created two accounts. Can they be merged? I want to keep all the data from both if possible.,account_access,normal,synthetic,nan accidentally created two account merged want keep data possible,10,111,False
SYN-00080,,I was charged twice for my Pro subscription. Two identical charges of $29 appeared on my statement. Please refund one.,billing,high,synthetic,nan charged twice pro subscription two identical charge appeared statement please refund one,13,122,False
REAL-00024,,I was charged twice this month and need a refund immediately,billing,normal,manual_real,nan charged twice month need refund immediately,7,64,False
REAL-00013,,How can I export all my data at once?,feature_request,normal,manual_real,nan export data,3,41,False
SYN-00340,,Would love email or Slack notifications when a report finishes. I miss things because I cannot monitor the dashboard all day.,feature_request,normal,synthetic,nan would love email slack notification report finish miss thing not monitor dashboard day,14,129,False
SYN-00446,,Would love email or Slack notifications when a payment fails. I miss things because I cannot monitor the dashboard all day.,feature_request,normal,synthetic,nan would love email slack notification payment fails miss thing not monitor dashboard day,14,127,False
SYN-00535,,Lost my authenticator app. Cannot get past 2FA. Have backup codes but they are not being accepted. This is urgent.,account_access,critical,synthetic,nan lost authenticator app not get past 2fa backup code not accepted urgent,13,118,False
SYN-00330,,"Does Notion integration exist? If not, any plans to add it? It would completely change our workflow.",feature_request,normal,synthetic,nan notion integration exist not plan add would completely change workflow,11,104,False
SYN-00883,,How do I cancel my subscription? I cannot find the option anywhere in the settings.,general,normal,synthetic,nan cancel subscription not find option anywhere setting,8,87,False
SYN-00193,,All API calls to your service are returning 500 errors for the past week. This is blocking our entire production deployment. Error: Request timeout,bug_report,critical,synthetic,nan api call service returning error past week blocking entire production deployment error request timeout,15,151,False
SYN-00252,,My projects disappear after saving. I get the green success message but everything is gone when I refresh. This is absolutely unacceptable.,bug_report,high,synthetic,nan project disappear saving get green success message everything gone refresh absolutely unacceptable,13,143,False
SYN-00815,,How do I cancel my subscription? I cannot find the option anywhere in the settings.,general,normal,synthetic,nan cancel subscription not find option anywhere setting,8,87,False
SYN-00827,,Does your platform work with QuickBooks? Evaluating options right now and this is a key requirement.,general,normal,synthetic,nan platform work quickbooks evaluating option right key requirement,9,104,False
SYN-00720,,Charts and graphs on the analytics page take forever to render. Sometimes they never load at all.,performance,normal,synthetic,nan chart graph analytics page take forever render sometimes never load,11,101,False
SYN-00814,,How do I cancel my subscription? I cannot find the option anywhere in the settings.,general,normal,synthetic,nan cancel subscription not find option anywhere setting,8,87,False
SYN-00537,,Need to move my account to a different email address. Old email is no longer accessible. What is the process?,account_access,normal,synthetic,nan need move account different email address old email no longer accessible process,13,113,False
SYN-00002,,I was charged twice for my Basic subscription. Two identical charges of $149 appeared on my statement. Please refund one.,billing,high,synthetic,nan charged twice basic subscription two identical charge appeared statement please refund one,13,125,False
SYN-00655,,Charts and graphs on the analytics page take forever to render. Sometimes they never load at all.,performance,normal,synthetic,nan chart graph analytics page take forever render sometimes never load,11,101,False
SYN-00272,,The numbers on the analytics dashboard are wrong. They do not match our actual data at all. Looks like a calculation error.,bug_report,high,synthetic,nan number analytics dashboard wrong not match actual data look like calculation error,13,127,False
SYN-00697,,Charts and graphs on the analytics page take forever to render. Sometimes they never load at all.,performance,normal,synthetic,nan chart graph analytics page take forever render sometimes never load,11,101,False
SYN-00433,,"Does Zapier integration exist? If not, any plans to add it? It would completely change our workflow.",feature_request,normal,synthetic,nan zapier integration exist not plan add would completely change workflow,11,104,False
SYN-00148,,My card ending in 5678 expired. How do I update payment before the next cycle?,billing,normal,synthetic,nan card ending expired update payment next cycle,8,82,False
SYN-00571,,Completely locked out. Have not been able to log in for 7 days. Reset emails are not coming through.,account_access,high,synthetic,nan completely locked not able log day reset email not coming,11,104,False
SYN-00688,,The analytics page takes 15 seconds to load randomly throughout the day. It was instant before. Our whole team is affected.,performance,high,synthetic,nan analytics page take second load randomly throughout day instant whole team affected,13,127,False
SYN-00331,,We would love API access to reports so we can build our own integrations. Is this on the roadmap at all?,feature_request,normal,synthetic,nan would love api access report build integration roadmap,9,108,False
SYN-00338,,Please add bulk export a report for transactions. Doing it one at a time for 500+ records is very frustrating.,feature_request,normal,synthetic,nan please add bulk export report transaction one time record frustrating,11,114,False
SYN-00024,,I downgraded my plan randomly throughout the day but I am still being charged the Basic rate. This needs to be corrected and backdated.,billing,normal,synthetic,nan downgraded plan randomly throughout day still charged basic rate need corrected backdated,13,139,False
SYN-00055,,Can you send a PDF invoice for my last payment? My company needs it for expense reporting. Name on invoice: NovaCo.,billing,normal,synthetic,nan send pdf invoice last payment company need expense reporting name invoice novaco,13,119,False
SYN-00613,,Search results take 10 seconds to appear after typing. Makes the product nearly impossible to use efficiently.,performance,high,synthetic,nan search result take second appear typing make product nearly impossible use efficiently,13,114,False
SYN-00037,,Can you send a PDF invoice for my last payment? My company needs it for expense reporting. Name on invoice: Tech Solutions Inc.,billing,normal,synthetic,nan send pdf invoice last payment company need expense reporting name invoice tech solution inc,15,131,False
SYN-00853,,How do I cancel my subscription? I cannot find the option anywhere in the settings.,general,normal,synthetic,nan cancel subscription not find option anywhere setting,8,87,False
SYN-00077,,I was charged twice for my Enterprise subscription. Two identical charges of $79 appeared on my statement. Please refund one.,billing,high,synthetic,nan charged twice enterprise subscription two identical charge appeared statement please refund one,13,129,False
SYN-00656,,The browser tab uses more and more memory over time and eventually crashes. Have to refresh every hour or so.,performance,high,synthetic,nan browser tab us memory time eventually crash refresh every hour,11,113,False
SYN-00783,,Does your platform work with Salesforce? Evaluating options right now and this is a key requirement.,general,normal,synthetic,nan platform work salesforce evaluating option right key requirement,9,104,False
SYN-00276,,All API calls to your service are returning 500 errors since the last update. This is blocking our entire production deployment. Error: Authentication failed,bug_report,critical,synthetic,nan api call service returning error since last update blocking entire production deployment error authentication failed,16,161,False
SYN-00021,,Can you send a PDF invoice for my last payment? My company needs it for expense reporting. Name on invoice: Acme Corp.,billing,normal,synthetic,nan send pdf invoice last payment company need expense reporting name invoice acme corp,14,122,False
SYN-00443,,"Does Slack integration exist? If not, any plans to add it? It would completely change our workflow.",feature_request,normal,synthetic,nan slack integration exist not plan add would completely change workflow,11,103,False
SYN-00248,,"Sometimes the export works fine, sometimes it just fails silently. No error message. Cannot reproduce consistently but it happens daily.",bug_report,high,synthetic,nan sometimes export work fine sometimes fails silently no error message not reproduce consistently happens daily,16,140,False
SYN-00820,,Does your platform work with QuickBooks? Evaluating options right now and this is a key requirement.,general,normal,synthetic,nan platform work quickbooks evaluating option right key requirement,9,104,False
SYN-00747,,Charts and graphs on the analytics page take forever to render. Sometimes they never load at all.,performance,normal,synthetic,nan chart graph analytics page take forever render sometimes never load,11,101,False
SYN-00083,,I cancelled 14 days ago but got billed again. This is the a major issue for our team. I need my $29 back immediately.,billing,high,synthetic,nan cancelled day ago got billed major issue team need back immediately,12,121,False
SYN-00241,,All API calls to your service are returning 500 errors for the past week. This is blocking our entire production deployment. Error: Authentication failed,bug_report,critical,synthetic,nan api call service returning error past week blocking entire production deployment error authentication failed,15,157,False
SYN-00124,,I cancelled 7 days ago but got billed again. This is the very frustrating. I need my $99 back immediately.,billing,high,synthetic,nan cancelled day ago got billed frustrating need back immediately,10,110,False
SYN-00669,,The reports page takes 15 seconds to load randomly throughout the day. It was instant before. Our whole team is affected.,performance,high,synthetic,nan report page take second load randomly throughout day instant whole team affected,13,125,False
SYN-00205,,My projects disappear after saving. I get the green success message but everything is gone when I refresh. This is the third time this month.,bug_report,high,synthetic,nan project disappear saving get green success message everything gone refresh third time month,14,145,False
SYN-00635,,Exports keep timing out. Any records report with more than 10000 rows fails. I need this data urgently.,performance,high,synthetic,nan export keep timing record report row fails need data urgently,11,107,False
SYN-00556,,Our SSO login is broken for the past week. The whole team cannot access the platform. This is completely blocking us.,account_access,critical,synthetic,nan sso login broken past week whole team not access platform completely blocking u,14,121,False
SYN-00487,,Need to move my account to a different email address. Old email is no longer accessible. What is the process?,account_access,normal,synthetic,nan need move account different email address old email no longer accessible process,13,113,False
SYN-00587,,Completely locked out. Have not been able to log in for 7 days. Reset emails are not coming through.,account_access,high,synthetic,nan completely locked not able log day reset email not coming,11,104,False
SYN-00136,,Can you send a PDF invoice for my last payment? My company needs it for expense reporting. Name on invoice: Acme Corp.,billing,normal,synthetic,nan send pdf invoice last payment company need expense reporting name invoice acme corp,14,122,False
SYN-00698,,The dashboard page takes 15 seconds to load starting yesterday. It was instant before. Our whole team is affected.,performance,high,synthetic,nan dashboard page take second load starting yesterday instant whole team affected,12,118,False
SYN-00423,,"Does QuickBooks integration exist? If not, any plans to add it? It would completely change our workflow.",feature_request,normal,synthetic,nan quickbooks integration exist not plan add would completely change workflow,11,108,False
SYN-00104,,My invoice shows $99 but my plan is $29 per month. Please fix this and refund the difference.,billing,normal,synthetic,nan invoice show plan per month please fix refund difference,10,97,False
SYN-00332,,Is there a mobile app or is one planned? I need to check on things when I am away from my desk.,feature_request,normal,synthetic,nan mobile app one planned need check thing away desk,10,99,False
SYN-00775,,Quick question about API rate limits — could not find a clear answer in the docs. Can someone point me in the right direction?,general,normal,synthetic,nan quick question api rate limit could not find clear answer doc someone point right direction,16,130,False
SYN-00630,,Exports keep timing out. Any invoices report with more than 5000 rows fails. I need this data urgently.,performance,high,synthetic,nan export keep timing invoice report row fails need data urgently,11,107,False
SYN-00230,,The export stopped working completely. Clicking it does nothing. Tried different browsers — same issue.,bug_report,high,synthetic,nan export stopped working completely clicking nothing tried different browser issue,11,107,False
SYN-00413,,We desperately need the ability to export invoices to JSON. Currently copying everything manually which takes hours.,feature_request,normal,synthetic,nan desperately need ability export invoice json currently copying everything manually take hour,13,120,False
SYN-00663,,The browser tab uses more and more memory over time and eventually crashes. Have to refresh every hour or so.,performance,high,synthetic,nan browser tab us memory time eventually crash refresh every hour,11,113,False
SYN-00125,,I was charged twice for my Team subscription. Two identical charges of $29 appeared on my statement. Please refund one.,billing,high,synthetic,nan charged twice team subscription two identical charge appeared statement please refund one,13,123,False
SYN-00666,,Exports keep timing out. Any records report with more than 10000 rows fails. I need this data urgently.,performance,high,synthetic,nan export keep timing record report row fails need data urgently,11,107,False
SYN-00218,,The numbers on the dashboard dashboard are wrong. They do not match our actual data at all. Looks like a calculation error.,bug_report,high,synthetic,nan number dashboard dashboard wrong not match actual data look like calculation error,13,127,False
SYN-00769,,Quick question about billing cycles — could not find a clear answer in the docs. Can someone point me in the right direction?,general,normal,synthetic,nan quick question billing cycle could not find clear answer doc someone point right direction,15,129,False
SYN-00546,,How do I add a new team member with read-only access? We are on the Team plan and cannot figure out the settings.,account_access,normal,synthetic,nan add new team member read access team plan not figure setting,12,117,False
SYN-00414,,Is there a mobile app or is one planned? I need to check on things when I am away from my desk.,feature_request,normal,synthetic,nan mobile app one planned need check thing away desk,10,99,False
SYN-00289,,The numbers on the dashboard dashboard are wrong. They do not match our actual data at all. Looks like a calculation error.,bug_report,high,synthetic,nan number dashboard dashboard wrong not match actual data look like calculation error,13,127,False
SYN-00755,,How do I set up SSO? The documentation is not very clear on this step.,general,normal,synthetic,nan set sso documentation not clear step,7,74,False
SYN-00861,,Just signed up for Starter and getting started. Is there an onboarding guide or someone we can talk to?,general,normal,synthetic,nan signed starter getting started onboarding guide someone talk,9,107,False
SYN-00562,,Need to move my account to a different email address. Old email is no longer accessible. What is the process?,account_access,normal,synthetic,nan need move account different email address old email no longer accessible process,13,113,False
SYN-00777,,Quick question about data export limits — could not find a clear answer in the docs. Can someone point me in the right direction?,general,normal,synthetic,nan quick question data export limit could not find clear answer doc someone point right direction,16,133,False
SYN-00065,,I downgraded my plan for the past week but I am still being charged the Enterprise rate. This needs to be corrected and backdated.,billing,normal,synthetic,nan downgraded plan past week still charged enterprise rate need corrected backdated,12,134,False
SYN-00860,,How do I bulk delete old records? The documentation is not very clear on this step.,general,normal,synthetic,nan bulk delete old record documentation not clear step,9,87,False
SYN-00577,,How do I add a new team member with read-only access? We are on the Team plan and cannot figure out the settings.,account_access,normal,synthetic,nan add new team member read access team plan not figure setting,12,117,False
SYN-00589,,Completely locked out. Have not been able to log in for 14 days. Reset emails are not coming through.,account_access,high,synthetic,nan completely locked not able log day reset email not coming,11,105,False
SYN-00437,,Is there a mobile app or is one planned? I need to check on things when I am away from my desk.,feature_request,normal,synthetic,nan mobile app one planned need check thing away desk,10,99,False
SYN-00477,,Our SSO login is broken after we upgraded plans. The whole team cannot access the platform. This is completely blocking us.,account_access,critical,synthetic,nan sso login broken upgraded plan whole team not access platform completely blocking u,14,127,False
SYN-00778,,Quick question about data export limits — could not find a clear answer in the docs. Can someone point me in the right direction?,general,normal,synthetic,nan quick question data export limit could not find clear answer doc someone point right direction,16,133,False
SYN-00617,,Exports keep timing out. Any transactions report with more than 500 rows fails. I need this data urgently.,performance,high,synthetic,nan export keep timing transaction report row fails need data urgently,11,110,False
SYN-00269,,The search stopped working completely. Clicking it does nothing. Tried different browsers — same issue.,bug_report,high,synthetic,nan search stopped working completely clicking nothing tried different browser issue,11,107,False
SYN-00441,,We desperately need the ability to export transactions to JSON. Currently copying everything manually which takes hours.,feature_request,normal,synthetic,nan desperately need ability export transaction json currently copying everything manually take hour,13,124,False
SYN-00045,,I was charged twice for my Business subscription. Two identical charges of $19 appeared on my statement. Please refund one.,billing,high,synthetic,nan charged twice business subscription two identical charge appeared statement please refund one,13,127,False
SYN-00238,,"Cannot get into my account at all. Password is correct, reset email never arrives. Tried 5 times now.",bug_report,critical,synthetic,nan not get account password correct reset email never arrives tried time,12,105,False
SYN-00894,,How do I cancel my subscription? I cannot find the option anywhere in the settings.,general,normal,synthetic,nan cancel subscription not find option anywhere setting,8,87,False
SYN-00326,,Would love email or Slack notifications when a task gets assigned to me. I miss things because I cannot monitor the dashboard all day.,feature_request,normal,synthetic,nan would love email slack notification task get assigned miss thing not monitor dashboard day,15,138,False
SYN-00310,,We desperately need the ability to export projects to Excel. Currently copying everything manually which takes hours.,feature_request,normal,synthetic,nan desperately need ability export project excel currently copying everything manually take hour,13,121,False
SYN-00504,,Completely locked out. Have not been able to log in for 14 days. Reset emails are not coming through.,account_access,high,synthetic,nan completely locked not able log day reset email not coming,11,105,False
SYN-00494,,Lost my authenticator app. Cannot get past 2FA. Have backup codes but they are not being accepted. This is urgent.,account_access,critical,synthetic,nan lost authenticator app not get past 2fa backup code not accepted urgent,13,118,False
SYN-00767,,How do I bulk delete old records? The documentation is not very clear on this step.,general,normal,synthetic,nan bulk delete old record documentation not clear step,9,87,False
SYN-00342,,Would love email or Slack notifications when a report finishes. I miss things because I cannot monitor the dashboard all day.,feature_request,normal,synthetic,nan would love email slack notification report finish miss thing not monitor dashboard day,14,129,False
SYN-00004,,I have no idea what this $29 charge is for. I do not remember signing up for anything new. Can you explain this?,billing,high,synthetic,nan no idea charge not remember signing anything new explain,10,116,False
SYN-00506,,Our SSO login is broken since the last update. The whole team cannot access the platform. This is completely blocking us.,account_access,critical,synthetic,nan sso login broken since last update whole team not access platform completely blocking u,15,125,False
SYN-00070,,I downgraded my plan for the past week but I am still being charged the Basic rate. This needs to be corrected and backdated.,billing,normal,synthetic,nan downgraded plan past week still charged basic rate need corrected backdated,12,129,False
SYN-00153,,The app crashes for the past week when I try to export a report. I am on macOS Ventura. Error message: Request timeout,bug_report,critical,synthetic,nan app crash past week try export report macos ventura error message request timeout,14,122,False
SYN-00087,,I have no idea what this $149 charge is for. I do not remember signing up for anything new. Can you explain this?,billing,high,synthetic,nan no idea charge not remember signing anything new explain,10,117,False
SYN-00057,,I was charged twice for my Business subscription. Two identical charges of $29 appeared on my statement. Please refund one.,billing,high,synthetic,nan charged twice business subscription two identical charge appeared statement please refund one,13,127,False
SYN-00286,,The app crashes since the last update when I try to export a report. I am on macOS Ventura. Error message: 500 Internal Server Error,bug_report,critical,synthetic,nan app crash since last update try export report macos ventura error message internal server error,16,136,False
SYN-00257,,The numbers on the analytics dashboard are wrong. They do not match our actual data at all. Looks like a calculation error.,bug_report,high,synthetic,nan number analytics dashboard wrong not match actual data look like calculation error,13,127,False
SYN-00090,,I was charged twice for my Business subscription. Two identical charges of $99 appeared on my statement. Please refund one.,billing,high,synthetic,nan charged twice business subscription two identical charge appeared statement please refund one,13,127,False
SYN-00372,,Please add bulk run an analysis for tasks. Doing it one at a time for 500+ records is a major issue for our team.,feature_request,normal,synthetic,nan please add bulk run analysis task one time record major issue team,13,117,False
SYN-00569,,I accidentally created two accounts. Can they be merged? I want to keep all the data from both if possible.,account_access,normal,synthetic,nan accidentally created two account merged want keep data possible,10,111,False
SYN-00549,,Lost my authenticator app. Cannot get past 2FA. Have backup codes but they are not being accepted. This is urgent.,account_access,critical,synthetic,nan lost authenticator app not get past 2fa backup code not accepted urgent,13,118,False
SYN-00516,,Completely locked out. Have not been able to log in for 3 days. Reset emails are not coming through.,account_access,high,synthetic,nan completely locked not able log day reset email not coming,11,104,False
SYN-00449,,Any plans for a dark mode? Spending all day in the tool and the bright white interface is really straining my eyes.,feature_request,normal,synthetic,nan plan dark mode spending day tool bright white interface really straining eye,13,119,False
SYN-00594,,Completely locked out. Have not been able to log in for 5 days. Reset emails are not coming through.,account_access,high,synthetic,nan completely locked not able log day reset email not coming,11,104,False
SYN-00240,,The numbers on the billing dashboard are wrong. They do not match our actual data at all. Looks like a calculation error.,bug_report,high,synthetic,nan number billing dashboard wrong not match actual data look like calculation error,13,125,False
SYN-00088,,My card ending in 5678 expired. How do I update payment before the next cycle?,billing,normal,synthetic,nan card ending expired update payment next cycle,8,82,False
REAL-00026,,I cancelled before the renewal date but was still charged,billing,normal,manual_real,nan cancelled renewal date still charged,6,61,False
SYN-00015,,I have no idea what this $299 charge is for. I do not remember signing up for anything new. Can you explain this?,billing,high,synthetic,nan no idea charge not remember signing anything new explain,10,117,False
SYN-00790,,Does your platform work with Slack? Evaluating options right now and this is a key requirement.,general,normal,synthetic,nan platform work slack evaluating option right key requirement,9,99,False
SYN-00492,,Lost my authenticator app. Cannot get past 2FA. Have backup codes but they are not being accepted. This is urgent.,account_access,critical,synthetic,nan lost authenticator app not get past 2fa backup code not accepted urgent,13,118,False
SYN-00817,,Does your platform work with Slack? Evaluating options right now and this is a key requirement.,general,normal,synthetic,nan platform work slack evaluating option right key requirement,9,99,False
SYN-00141,,My invoice shows $99 but my plan is $99 per month. Please fix this and refund the difference.,billing,normal,synthetic,nan invoice show plan per month please fix refund difference,10,97,False
SYN-00760,,What is included in the Pro plan exactly? Trying to figure out if we need to upgrade before committing to annual.,general,normal,synthetic,nan included pro plan exactly trying figure need upgrade committing annual,11,117,False
SYN-00490,,Our SSO login is broken after we upgraded plans. The whole team cannot access the platform. This is completely blocking us.,account_access,critical,synthetic,nan sso login broken upgraded plan whole team not access platform completely blocking u,14,127,False
SYN-00228,,The numbers on the settings dashboard are wrong. They do not match our actual data at all. Looks like a calculation error.,bug_report,high,synthetic,nan number setting dashboard wrong not match actual data look like calculation error,13,126,False
REAL-00009,,Search results take so long they just timeout,bug_report,normal,manual_real,nan search result take long timeout,6,49,False
SYN-00855,,What is included in the Pro plan exactly? Trying to figure out if we need to upgrade before committing to annual.,general,normal,synthetic,nan included pro plan exactly trying figure need upgrade committing annual,11,117,False
SYN-00163,,The numbers on the settings dashboard are wrong. They do not match our actual data at all. Looks like a calculation error.,bug_report,high,synthetic,nan number setting dashboard wrong not match actual data look like calculation error,13,126,False
SYN-00412,,"Does Salesforce integration exist? If not, any plans to add it? It would completely change our workflow.",feature_request,normal,synthetic,nan salesforce integration exist not plan add would completely change workflow,11,108,False
SYN-00560,,Our SSO login is broken after we upgraded plans. The whole team cannot access the platform. This is completely blocking us.,account_access,critical,synthetic,nan sso login broken upgraded plan whole team not access platform completely blocking u,14,127,False
SYN-00069,,Can you send a PDF invoice for my last payment? My company needs it for expense reporting. Name on invoice: Acme Corp.,billing,normal,synthetic,nan send pdf invoice last payment company need expense reporting name invoice acme corp,14,122,False
SYN-00360,,"Does Zapier integration exist? If not, any plans to add it? It would completely change our workflow.",feature_request,normal,synthetic,nan zapier integration exist not plan add would completely change workflow,11,104,False
SYN-00647,,The analytics page takes 20 seconds to load randomly throughout the day. It was instant before. Our whole team is affected.,performance,high,synthetic,nan analytics page take second load randomly throughout day instant whole team affected,13,127,False
SYN-00229,,"Cannot get into my account at all. Password is correct, reset email never arrives. Tried 14 times now.",bug_report,critical,synthetic,nan not get account password correct reset email never arrives tried time,12,106,False
SYN-00701,,The browser tab uses more and more memory over time and eventually crashes. Have to refresh every hour or so.,performance,high,synthetic,nan browser tab us memory time eventually crash refresh every hour,11,113,False
SYN-00162,,"Cannot get into my account at all. Password is correct, reset email never arrives. Tried 30 times now.",bug_report,critical,synthetic,nan not get account password correct reset email never arrives tried time,12,106,False
SYN-00685,,Search results take 10 seconds to appear after typing. Makes the product nearly impossible to use efficiently.,performance,high,synthetic,nan search result take second appear typing make product nearly impossible use efficiently,13,114,False
SYN-00467,,I accidentally created two accounts. Can they be merged? I want to keep all the data from both if possible.,account_access,normal,synthetic,nan accidentally created two account merged want keep data possible,10,111,False
SYN-00648,,Charts and graphs on the analytics page take forever to render. Sometimes they never load at all.,performance,normal,synthetic,nan chart graph analytics page take forever render sometimes never load,11,101,False
SYN-00564,,I accidentally created two accounts. Can they be merged? I want to keep all the data from both if possible.,account_access,normal,synthetic,nan accidentally created two account merged want keep data possible,10,111,False
SYN-00394,,Is there a mobile app or is one planned? I need to check on things when I am away from my desk.,feature_request,normal,synthetic,nan mobile app one planned need check thing away desk,10,99,False
SYN-00094,,I was charged twice for my Pro subscription. Two identical charges of $29 appeared on my statement. Please refund one.,billing,high,synthetic,nan charged twice pro subscription two identical charge appeared statement please refund one,13,122,False
SYN-00657,,The dashboard page takes 45 seconds to load starting yesterday. It was instant before. Our whole team is affected.,performance,high,synthetic,nan dashboard page take second load starting yesterday instant whole team affected,12,118,False
SYN-00593,,Our SSO login is broken for the past week. The whole team cannot access the platform. This is completely blocking us.,account_access,critical,synthetic,nan sso login broken past week whole team not access platform completely blocking u,14,121,False
SYN-00781,,What is included in the Team plan exactly? Trying to figure out if we need to upgrade before committing to annual.,general,normal,synthetic,nan included team plan exactly trying figure need upgrade committing annual,11,118,False
SYN-00288,,The notifications stopped working completely. Clicking it does nothing. Tried different browsers — same issue.,bug_report,high,synthetic,nan notification stopped working completely clicking nothing tried different browser issue,11,114,False
SYN-00144,,I was charged twice for my Team subscription. Two identical charges of $99 appeared on my statement. Please refund one.,billing,high,synthetic,nan charged twice team subscription two identical charge appeared statement please refund one,13,123,False
SYN-00584,,Our SSO login is broken after we upgraded plans. The whole team cannot access the platform. This is completely blocking us.,account_access,critical,synthetic,nan sso login broken upgraded plan whole team not access platform completely blocking u,14,127,False
SYN-00026,,I cancelled 3 days ago but got billed again. This is the absolutely unacceptable. I need my $29 back immediately.,billing,high,synthetic,nan cancelled day ago got billed absolutely unacceptable need back immediately,11,117,False
SYN-00298,,The app crashes for the past week when I try to export a report. I am on Ubuntu 22. Error message: 500 Internal Server Error,bug_report,critical,synthetic,nan app crash past week try export report ubuntu error message internal server error,14,128,False
SYN-00598,,How do I add a new team member with editor access? We are on the Team plan and cannot figure out the settings.,account_access,normal,synthetic,nan add new team member editor access team plan not figure setting,12,114,False
SYN-00803,,How do I export historical data? The documentation is not very clear on this step.,general,normal,synthetic,nan export historical data documentation not clear step,8,86,False
SYN-00862,,Quick question about data export limits — could not find a clear answer in the docs. Can someone point me in the right direction?,general,normal,synthetic,nan quick question data export limit could not find clear answer doc someone point right direction,16,133,False
SYN-00618,,Search results take 45 seconds to appear after typing. Makes the product nearly impossible to use efficiently.,performance,high,synthetic,nan search result take second appear typing make product nearly impossible use efficiently,13,114,False
SYN-00740,,Charts and graphs on the analytics page take forever to render. Sometimes they never load at all.,performance,normal,synthetic,nan chart graph analytics page take forever render sometimes never load,11,101,False
SYN-00379,,We desperately need the ability to export reports to Excel. Currently copying everything manually which takes hours.,feature_request,normal,synthetic,nan desperately need ability export report excel currently copying everything manually take hour,13,120,False
SYN-00321,,"Does Salesforce integration exist? If not, any plans to add it? It would completely change our workflow.",feature_request,normal,synthetic,nan salesforce integration exist not plan add would completely change workflow,11,108,False
SYN-00464,,Need to move my account to a different email address. Old email is no longer accessible. What is the process?,account_access,normal,synthetic,nan need move account different email address old email no longer accessible process,13,113,False
SYN-00232,,"Sometimes the bulk edit works fine, sometimes it just fails silently. No error message. Cannot reproduce consistently but it happens daily.",bug_report,high,synthetic,nan sometimes bulk edit work fine sometimes fails silently no error message not reproduce consistently happens daily,17,143,False
SYN-00664,,The reports page takes 30 seconds to load for the past week. It was instant before. Our whole team is affected.,performance,high,synthetic,nan report page take second load past week instant whole team affected,12,115,False
SYN-00512,,Our SSO login is broken for the past week. The whole team cannot access the platform. This is completely blocking us.,account_access,critical,synthetic,nan sso login broken past week whole team not access platform completely blocking u,14,121,False
SYN-00548,,Our SSO login is broken for the past week. The whole team cannot access the platform. This is completely blocking us.,account_access,critical,synthetic,nan sso login broken past week whole team not access platform completely blocking u,14,121,False
REAL-00023,,"Half the buttons work instantly, the other half just hang",performance,normal,manual_real,nan half button work instantly half hang,7,61,False
SYN-00765,,How do I cancel my subscription? I cannot find the option anywhere in the settings.,general,normal,synthetic,nan cancel subscription not find option anywhere setting,8,87,False
SYN-00678,,Exports keep timing out. Any reports report with more than 10000 rows fails. I need this data urgently.,performance,high,synthetic,nan export keep timing report report row fails need data urgently,11,107,False
SYN-00607,,The browser tab uses more and more memory over time and eventually crashes. Have to refresh every hour or so.,performance,high,synthetic,nan browser tab us memory time eventually crash refresh every hour,11,113,False
SYN-00053,,My card ending in 9012 expired. How do I update payment before the next cycle?,billing,normal,synthetic,nan card ending expired update payment next cycle,8,82,False
SYN-00520,,Completely locked out. Have not been able to log in for 3 days. Reset emails are not coming through.,account_access,high,synthetic,nan completely locked not able log day reset email not coming,11,104,False
SYN-00295,,"Sometimes the export works fine, sometimes it just fails silently. No error message. Cannot reproduce consistently but it happens daily.",bug_report,high,synthetic,nan sometimes export work fine sometimes fails silently no error message not reproduce consistently happens daily,16,140,False
SYN-00366,,Please add bulk upload a file for records. Doing it one at a time for 500+ records is absolutely unacceptable.,feature_request,normal,synthetic,nan please add bulk upload file record one time record absolutely unacceptable,12,114,False
SYN-00780,,How do I set up SSO? The documentation is not very clear on this step.,general,normal,synthetic,nan set sso documentation not clear step,7,74,False
SYN-00502,,Lost my authenticator app. Cannot get past 2FA. Have backup codes but they are not being accepted. This is urgent.,account_access,critical,synthetic,nan lost authenticator app not get past 2fa backup code not accepted urgent,13,118,False
SYN-00702,,The browser tab uses more and more memory over time and eventually crashes. Have to refresh every hour or so.,performance,high,synthetic,nan browser tab us memory time eventually crash refresh every hour,11,113,False
SYN-00714,,The analytics page takes 20 seconds to load starting yesterday. It was instant before. Our whole team is affected.,performance,high,synthetic,nan analytics page take second load starting yesterday instant whole team affected,12,118,False
SYN-00089,,My card ending in 9012 expired. How do I update payment before the next cycle?,billing,normal,synthetic,nan card ending expired update payment next cycle,8,82,False
SYN-00662,,The browser tab uses more and more memory over time and eventually crashes. Have to refresh every hour or so.,performance,high,synthetic,nan browser tab us memory time eventually crash refresh every hour,11,113,False
SYN-00822,,Just signed up for Business and getting started. Is there an onboarding guide or someone we can talk to?,general,normal,synthetic,nan signed business getting started onboarding guide someone talk,9,108,False
SYN-00570,,How do I add a new team member with editor access? We are on the Basic plan and cannot figure out the settings.,account_access,normal,synthetic,nan add new team member editor access basic plan not figure setting,12,115,False
SYN-00290,,All API calls to your service are returning 500 errors after we upgraded plans. This is blocking our entire production deployment. Error: 500 Internal Server Error,bug_report,critical,synthetic,nan api call service returning error upgraded plan blocking entire production deployment error internal server error,16,167,False
SYN-00018,,I was charged twice for my Starter subscription. Two identical charges of $49 appeared on my statement. Please refund one.,billing,high,synthetic,nan charged twice starter subscription two identical charge appeared statement please refund one,13,126,False
SYN-00309,,Is there a mobile app or is one planned? I need to check on things when I am away from my desk.,feature_request,normal,synthetic,nan mobile app one planned need check thing away desk,10,99,False
SYN-00578,,Need to move my account to a different email address. Old email is no longer accessible. What is the process?,account_access,normal,synthetic,nan need move account different email address old email no longer accessible process,13,113,False
SYN-00262,,The numbers on the dashboard dashboard are wrong. They do not match our actual data at all. Looks like a calculation error.,bug_report,high,synthetic,nan number dashboard dashboard wrong not match actual data look like calculation error,13,127,False
SYN-00011,,I have no idea what this $19 charge is for. I do not remember signing up for anything new. Can you explain this?,billing,high,synthetic,nan no idea charge not remember signing anything new explain,10,116,False
SYN-00534,,Our SSO login is broken starting yesterday. The whole team cannot access the platform. This is completely blocking us.,account_access,critical,synthetic,nan sso login broken starting yesterday whole team not access platform completely blocking u,14,122,False
SYN-00542,,How do I add a new team member with admin access? We are on the Basic plan and cannot figure out the settings.,account_access,normal,synthetic,nan add new team member admin access basic plan not figure setting,12,114,False
SYN-00415,,We would love API access to projects so we can build our own integrations. Is this on the roadmap at all?,feature_request,normal,synthetic,nan would love api access project build integration roadmap,9,109,False
SYN-00060,,Can you send a PDF invoice for my last payment? My company needs it for expense reporting. Name on invoice: NovaCo.,billing,normal,synthetic,nan send pdf invoice last payment company need expense reporting name invoice novaco,13,119,False
SYN-00079,,I was charged twice for my Business subscription. Two identical charges of $19 appeared on my statement. Please refund one.,billing,high,synthetic,nan charged twice business subscription two identical charge appeared statement please refund one,13,127,False
SYN-00819,,Just signed up for Business and getting started. Is there an onboarding guide or someone we can talk to?,general,normal,synthetic,nan signed business getting started onboarding guide someone talk,9,108,False
SYN-00552,,Completely locked out. Have not been able to log in for 5 days. Reset emails are not coming through.,account_access,high,synthetic,nan completely locked not able log day reset email not coming,11,104,False
SYN-00547,,Our SSO login is broken after we upgraded plans. The whole team cannot access the platform. This is completely blocking us.,account_access,critical,synthetic,nan sso login broken upgraded plan whole team not access platform completely blocking u,14,127,False
SYN-00417,,"Does Salesforce integration exist? If not, any plans to add it? It would completely change our workflow.",feature_request,normal,synthetic,nan salesforce integration exist not plan add would completely change workflow,11,108,False
SYN-00126,,Can you send a PDF invoice for my last payment? My company needs it for expense reporting. Name on invoice: Acme Corp.,billing,normal,synthetic,nan send pdf invoice last payment company need expense reporting name invoice acme corp,14,122,False
SYN-00233,,"Sometimes the notifications works fine, sometimes it just fails silently. No error message. Cannot reproduce consistently but it happens daily.",bug_report,high,synthetic,nan sometimes notification work fine sometimes fails silently no error message not reproduce consistently happens daily,16,147,False
SYN-00323,,"Does QuickBooks integration exist? If not, any plans to add it? It would completely change our workflow.",feature_request,normal,synthetic,nan quickbooks integration exist not plan add would completely change workflow,11,108,False
SYN-00370,,We desperately need the ability to export invoices to JSON. Currently copying everything manually which takes hours.,feature_request,normal,synthetic,nan desperately need ability export invoice json currently copying everything manually take hour,13,120,False
SYN-00253,,The numbers on the reports dashboard are wrong. They do not match our actual data at all. Looks like a calculation error.,bug_report,high,synthetic,nan number report dashboard wrong not match actual data look like calculation error,13,125,False
SYN-00727,,The browser tab uses more and more memory over time and eventually crashes. Have to refresh every hour or so.,performance,high,synthetic,nan browser tab us memory time eventually crash refresh every hour,11,113,False
SYN-00527,,I accidentally created two accounts. Can they be merged? I want to keep all the data from both if possible.,account_access,normal,synthetic,nan accidentally created two account merged want keep data possible,10,111,False
SYN-00717,,The settings page takes 30 seconds to load starting yesterday. It was instant before. Our whole team is affected.,performance,high,synthetic,nan setting page take second load starting yesterday instant whole team affected,12,117,False
REAL-00037,,Would love a Zapier integration for our workflows,feature_request,normal,manual_real,nan would love zapier integration workflow,6,53,False
SYN-00020,,I downgraded my plan after we upgraded plans but I am still being charged the Pro rate. This needs to be corrected and backdated.,billing,normal,synthetic,nan downgraded plan upgraded plan still charged pro rate need corrected backdated,12,133,False
SYN-00616,,The browser tab uses more and more memory over time and eventually crashes. Have to refresh every hour or so.,performance,high,synthetic,nan browser tab us memory time eventually crash refresh every hour,11,113,False
SYN-00220,,My contacts disappear after saving. I get the green success message but everything is gone when I refresh. This is very frustrating.,bug_report,high,synthetic,nan contact disappear saving get green success message everything gone refresh frustrating,12,136,False
SYN-00887,,Does your platform work with Slack? Evaluating options right now and this is a key requirement.,general,normal,synthetic,nan platform work slack evaluating option right key requirement,9,99,False
SYN-00176,,The filters stopped working completely. Clicking it does nothing. Tried different browsers — same issue.,bug_report,high,synthetic,nan filter stopped working completely clicking nothing tried different browser issue,11,108,False
SYN-00847,,How do I set up SSO? The documentation is not very clear on this step.,general,normal,synthetic,nan set sso documentation not clear step,7,74,False
SYN-00362,,Would love email or Slack notifications when a task gets assigned to me. I miss things because I cannot monitor the dashboard all day.,feature_request,normal,synthetic,nan would love email slack notification task get assigned miss thing not monitor dashboard day,15,138,False
SYN-00165,,The app crashes randomly throughout the day when I try to upload a file. I am on Windows 11. Error message: Request timeout,bug_report,critical,synthetic,nan app crash randomly throughout day try upload file window error message request timeout,14,127,False
REAL-00007,,The invoice download link is not working,billing,normal,manual_real,nan invoice download link not working,6,44,False
SYN-00192,,My contacts disappear after saving. I get the green success message but everything is gone when I refresh. This is absolutely unacceptable.,bug_report,high,synthetic,nan contact disappear saving get green success message everything gone refresh absolutely unacceptable,13,143,False
REAL-00041,,My account was locked after too many login attempts,account_access,normal,manual_real,nan account locked many login attempt,6,55,False
SYN-00536,,I accidentally created two accounts. Can they be merged? I want to keep all the data from both if possible.,account_access,normal,synthetic,nan accidentally created two account merged want keep data possible,10,111,False
SYN-00317,,"Does HubSpot integration exist? If not, any plans to add it? It would completely change our workflow.",feature_request,normal,synthetic,nan hubspot integration exist not plan add would completely change workflow,11,105,False
SYN-00111,,I cancelled 5 days ago but got billed again. This is the the third time this month. I need my $299 back immediately.,billing,high,synthetic,nan cancelled day ago got billed third time month need back immediately,12,120,False
SYN-00591,,I accidentally created two accounts. Can they be merged? I want to keep all the data from both if possible.,account_access,normal,synthetic,nan accidentally created two account merged want keep data possible,10,111,False
REAL-00033,,Password reset sends an email but the link does not work,bug_report,normal,manual_real,nan password reset sends email link not work,8,60,False
SYN-00082,,I downgraded my plan starting yesterday but I am still being charged the Team rate. This needs to be corrected and backdated.,billing,normal,synthetic,nan downgraded plan starting yesterday still charged team rate need corrected backdated,12,129,False
SYN-00043,,I downgraded my plan for the past week but I am still being charged the Pro rate. This needs to be corrected and backdated.,billing,normal,synthetic,nan downgraded plan past week still charged pro rate need corrected backdated,12,127,False
SYN-00405,,Would love email or Slack notifications when a payment fails. I miss things because I cannot monitor the dashboard all day.,feature_request,normal,synthetic,nan would love email slack notification payment fails miss thing not monitor dashboard day,14,127,False
SYN-00064,,I was charged twice for my Basic subscription. Two identical charges of $19 appeared on my statement. Please refund one.,billing,high,synthetic,nan charged twice basic subscription two identical charge appeared statement please refund one,13,124,False
SYN-00482,,How do I add a new team member with billing manager access? We are on the Enterprise plan and cannot figure out the settings.,account_access,normal,synthetic,nan add new team member billing manager access enterprise plan not figure setting,13,129,False
SYN-00785,,How do I set up SSO? The documentation is not very clear on this step.,general,normal,synthetic,nan set sso documentation not clear step,7,74,False
SYN-00610,,The browser tab uses more and more memory over time and eventually crashes. Have to refresh every hour or so.,performance,high,synthetic,nan browser tab us memory time eventually crash refresh every hour,11,113,False
SYN-00798,,What is included in the Basic plan exactly? Trying to figure out if we need to upgrade before committing to annual.,general,normal,synthetic,nan included basic plan exactly trying figure need upgrade committing annual,11,119,False
SYN-00158,,"Sometimes the bulk edit works fine, sometimes it just fails silently. No error message. Cannot reproduce consistently but it happens daily.",bug_report,high,synthetic,nan sometimes bulk edit work fine sometimes fails silently no error message not reproduce consistently happens daily,17,143,False
SYN-00351,,Please add bulk export a report for transactions. Doing it one at a time for 500+ records is absolutely unacceptable.,feature_request,normal,synthetic,nan please add bulk export report transaction one time record absolutely unacceptable,12,121,False
SYN-00337,,Any plans for a dark mode? Spending all day in the tool and the bright white interface is really straining my eyes.,feature_request,normal,synthetic,nan plan dark mode spending day tool bright white interface really straining eye,13,119,False
SYN-00632,,Exports keep timing out. Any contacts report with more than 5000 rows fails. I need this data urgently.,performance,high,synthetic,nan export keep timing contact report row fails need data urgently,11,107,False
SYN-00363,,Is there a mobile app or is one planned? I need to check on things when I am away from my desk.,feature_request,normal,synthetic,nan mobile app one planned need check thing away desk,10,99,False
SYN-00491,,Our SSO login is broken after we upgraded plans. The whole team cannot access the platform. This is completely blocking us.,account_access,critical,synthetic,nan sso login broken upgraded plan whole team not access platform completely blocking u,14,127,False
SYN-00761,,Does your platform work with Zapier? Evaluating options right now and this is a key requirement.,general,normal,synthetic,nan platform work zapier evaluating option right key requirement,9,100,False
SYN-00829,,What is included in the Starter plan exactly? Trying to figure out if we need to upgrade before committing to annual.,general,normal,synthetic,nan included starter plan exactly trying figure need upgrade committing annual,11,121,False
SYN-00138,,My invoice shows $299 but my plan is $99 per month. Please fix this and refund the difference.,billing,normal,synthetic,nan invoice show plan per month please fix refund difference,10,98,False
REAL-00048,,Large file uploads time out before completing,performance,normal,manual_real,nan large file uploads time completing,6,49,False
SYN-00540,,Our SSO login is broken for the past week. The whole team cannot access the platform. This is completely blocking us.,account_access,critical,synthetic,nan sso login broken past week whole team not access platform completely blocking u,14,121,False
REAL-00032,,My data was deleted and I did not delete it,bug_report,normal,manual_real,nan data deleted not delete,5,47,False
SYN-00429,,We would love API access to invoices so we can build our own integrations. Is this on the roadmap at all?,feature_request,normal,synthetic,nan would love api access invoice build integration roadmap,9,109,False
SYN-00095,,I have no idea what this $49 charge is for. I do not remember signing up for anything new. Can you explain this?,billing,high,synthetic,nan no idea charge not remember signing anything new explain,10,116,False
SYN-00687,,Search results take 20 seconds to appear after typing. Makes the product nearly impossible to use efficiently.,performance,high,synthetic,nan search result take second appear typing make product nearly impossible use efficiently,13,114,False
SYN-00190,,My contacts disappear after saving. I get the green success message but everything is gone when I refresh. This is absolutely unacceptable.,bug_report,high,synthetic,nan contact disappear saving get green success message everything gone refresh absolutely unacceptable,13,143,False
SYN-00318,,We would love API access to projects so we can build our own integrations. Is this on the roadmap at all?,feature_request,normal,synthetic,nan would love api access project build integration roadmap,9,109,False
SYN-00152,,The search stopped working completely. Clicking it does nothing. Tried different browsers — same issue.,bug_report,high,synthetic,nan search stopped working completely clicking nothing tried different browser issue,11,107,False
SYN-00789,,How do I cancel my subscription? I cannot find the option anywhere in the settings.,general,normal,synthetic,nan cancel subscription not find option anywhere setting,8,87,False
SYN-00529,,Need to move my account to a different email address. Old email is no longer accessible. What is the process?,account_access,normal,synthetic,nan need move account different email address old email no longer accessible process,13,113,False
SYN-00035,,I have no idea what this $49 charge is for. I do not remember signing up for anything new. Can you explain this?,billing,high,synthetic,nan no idea charge not remember signing anything new explain,10,116,False
SYN-00730,,The reports page takes 15 seconds to load randomly throughout the day. It was instant before. Our whole team is affected.,performance,high,synthetic,nan report page take second load randomly throughout day instant whole team affected,13,125,False
SYN-00708,,The reports page takes 30 seconds to load since the last update. It was instant before. Our whole team is affected.,performance,high,synthetic,nan report page take second load since last update instant whole team affected,13,119,False
SYN-00439,,Any plans for a dark mode? Spending all day in the tool and the bright white interface is really straining my eyes.,feature_request,normal,synthetic,nan plan dark mode spending day tool bright white interface really straining eye,13,119,False
SYN-00636,,Charts and graphs on the analytics page take forever to render. Sometimes they never load at all.,performance,normal,synthetic,nan chart graph analytics page take forever render sometimes never load,11,101,False
SYN-00421,,"Does Salesforce integration exist? If not, any plans to add it? It would completely change our workflow.",feature_request,normal,synthetic,nan salesforce integration exist not plan add would completely change workflow,11,108,False
SYN-00291,,The numbers on the reports dashboard are wrong. They do not match our actual data at all. Looks like a calculation error.,bug_report,high,synthetic,nan number report dashboard wrong not match actual data look like calculation error,13,125,False
SYN-00745,,The analytics page takes 30 seconds to load after we upgraded plans. It was instant before. Our whole team is affected.,performance,high,synthetic,nan analytics page take second load upgraded plan instant whole team affected,12,123,False
SYN-00391,,Any plans for a dark mode? Spending all day in the tool and the bright white interface is really straining my eyes.,feature_request,normal,synthetic,nan plan dark mode spending day tool bright white interface really straining eye,13,119,False
SYN-00596,,Completely locked out. Have not been able to log in for 30 days. Reset emails are not coming through.,account_access,high,synthetic,nan completely locked not able log day reset email not coming,11,105,False
SYN-00563,,Our SSO login is broken starting yesterday. The whole team cannot access the platform. This is completely blocking us.,account_access,critical,synthetic,nan sso login broken starting yesterday whole team not access platform completely blocking u,14,122,False
SYN-00182,,"Sometimes the notifications works fine, sometimes it just fails silently. No error message. Cannot reproduce consistently but it happens daily.",bug_report,high,synthetic,nan sometimes notification work fine sometimes fails silently no error message not reproduce consistently happens daily,16,147,False
SYN-00768,,What is included in the Basic plan exactly? Trying to figure out if we need to upgrade before committing to annual.,general,normal,synthetic,nan included basic plan exactly trying figure need upgrade committing annual,11,119,False
SYN-00485,,I accidentally created two accounts. Can they be merged? I want to keep all the data from both if possible.,account_access,normal,synthetic,nan accidentally created two account merged want keep data possible,10,111,False
SYN-00590,,How do I add a new team member with read-only access? We are on the Basic plan and cannot figure out the settings.,account_access,normal,synthetic,nan add new team member read access basic plan not figure setting,12,118,False
SYN-00010,,I have no idea what this $29 charge is for. I do not remember signing up for anything new. Can you explain this?,billing,high,synthetic,nan no idea charge not remember signing anything new explain,10,116,False
SYN-00654,,Charts and graphs on the analytics page take forever to render. Sometimes they never load at all.,performance,normal,synthetic,nan chart graph analytics page take forever render sometimes never load,11,101,False
SYN-00275,,All API calls to your service are returning 500 errors after we upgraded plans. This is blocking our entire production deployment. Error: 500 Internal Server Error,bug_report,critical,synthetic,nan api call service returning error upgraded plan blocking entire production deployment error internal server error,16,167,False
SYN-00427,,Please add bulk save my changes for tasks. Doing it one at a time for 500+ records is absolutely unacceptable.,feature_request,normal,synthetic,nan please add bulk save change task one time record absolutely unacceptable,12,114,False
SYN-00741,,Exports keep timing out. Any transactions report with more than 5000 rows fails. I need this data urgently.,performance,high,synthetic,nan export keep timing transaction report row fails need data urgently,11,111,False
SYN-00650,,Search results take 30 seconds to appear after typing. Makes the product nearly impossible to use efficiently.,performance,high,synthetic,nan search result take second appear typing make product nearly impossible use efficiently,13,114,False
SYN-00085,,My card ending in 1234 expired. How do I update payment before the next cycle?,billing,normal,synthetic,nan card ending expired update payment next cycle,8,82,False
SYN-00705,,The browser tab uses more and more memory over time and eventually crashes. Have to refresh every hour or so.,performance,high,synthetic,nan browser tab us memory time eventually crash refresh every hour,11,113,False
SYN-00063,,I have no idea what this $29 charge is for. I do not remember signing up for anything new. Can you explain this?,billing,high,synthetic,nan no idea charge not remember signing anything new explain,10,116,False
SYN-00146,,I cancelled 3 days ago but got billed again. This is the very frustrating. I need my $149 back immediately.,billing,high,synthetic,nan cancelled day ago got billed frustrating need back immediately,10,111,False
SYN-00315,,Would love email or Slack notifications when a report finishes. I miss things because I cannot monitor the dashboard all day.,feature_request,normal,synthetic,nan would love email slack notification report finish miss thing not monitor dashboard day,14,129,False
SYN-00189,,"Cannot get into my account at all. Password is correct, reset email never arrives. Tried 30 times now.",bug_report,critical,synthetic,nan not get account password correct reset email never arrives tried time,12,106,False
SYN-00169,,My reports disappear after saving. I get the green success message but everything is gone when I refresh. This is very frustrating.,bug_report,high,synthetic,nan report disappear saving get green success message everything gone refresh frustrating,12,135,False
SYN-00166,,All API calls to your service are returning 500 errors after we upgraded plans. This is blocking our entire production deployment. Error: 500 Internal Server Error,bug_report,critical,synthetic,nan api call service returning error upgraded plan blocking entire production deployment error internal server error,16,167,False
SYN-00729,,The browser tab uses more and more memory over time and eventually crashes. Have to refresh every hour or so.,performance,high,synthetic,nan browser tab us memory time eventually crash refresh every hour,11,113,False
SYN-00120,,I downgraded my plan since the last update but I am still being charged the Starter rate. This needs to be corrected and backdated.,billing,normal,synthetic,nan downgraded plan since last update still charged starter rate need corrected backdated,13,135,False
SYN-00624,,The dashboard page takes 20 seconds to load starting yesterday. It was instant before. Our whole team is affected.,performance,high,synthetic,nan dashboard page take second load starting yesterday instant whole team affected,12,118,False
SYN-00709,,Search results take 45 seconds to appear after typing. Makes the product nearly impossible to use efficiently.,performance,high,synthetic,nan search result take second appear typing make product nearly impossible use efficiently,13,114,False
SYN-00470,,Completely locked out. Have not been able to log in for 7 days. Reset emails are not coming through.,account_access,high,synthetic,nan completely locked not able log day reset email not coming,11,104,False
SYN-00451,,Completely locked out. Have not been able to log in for 5 days. Reset emails are not coming through.,account_access,high,synthetic,nan completely locked not able log day reset email not coming,11,104,False
SYN-00283,,The app crashes starting yesterday when I try to upload a file. I am on Ubuntu 22. Error message: Request timeout,bug_report,critical,synthetic,nan app crash starting yesterday try upload file ubuntu error message request timeout,13,117,False
SYN-00151,,All API calls to your service are returning 500 errors since the last update. This is blocking our entire production deployment. Error: Request timeout,bug_report,critical,synthetic,nan api call service returning error since last update blocking entire production deployment error request timeout,16,155,False
SYN-00813,,What is included in the Pro plan exactly? Trying to figure out if we need to upgrade before committing to annual.,general,normal,synthetic,nan included pro plan exactly trying figure need upgrade committing annual,11,117,False
SYN-00679,,Exports keep timing out. Any contacts report with more than 5000 rows fails. I need this data urgently.,performance,high,synthetic,nan export keep timing contact report row fails need data urgently,11,107,False
REAL-00049,,The mobile app is much slower than the web version,performance,normal,manual_real,nan mobile app much slower web version,7,54,False
SYN-00112,,My card ending in 1234 expired. How do I update payment before the next cycle?,billing,normal,synthetic,nan card ending expired update payment next cycle,8,82,False
SYN-00263,,"Sometimes the the dashboard works fine, sometimes it just fails silently. No error message. Cannot reproduce consistently but it happens daily.",bug_report,high,synthetic,nan sometimes dashboard work fine sometimes fails silently no error message not reproduce consistently happens daily,16,147,False
SYN-00533,,I accidentally created two accounts. Can they be merged? I want to keep all the data from both if possible.,account_access,normal,synthetic,nan accidentally created two account merged want keep data possible,10,111,False
SYN-00712,,Search results take 10 seconds to appear after typing. Makes the product nearly impossible to use efficiently.,performance,high,synthetic,nan search result take second appear typing make product nearly impossible use efficiently,13,114,False
REAL-00047,,The search function has gotten noticeably slower this week,performance,normal,manual_real,nan search function gotten noticeably slower week,7,62,False
SYN-00629,,Search results take 15 seconds to appear after typing. Makes the product nearly impossible to use efficiently.,performance,high,synthetic,nan search result take second appear typing make product nearly impossible use efficiently,13,114,False
SYN-00631,,Exports keep timing out. Any contacts report with more than 500 rows fails. I need this data urgently.,performance,high,synthetic,nan export keep timing contact report row fails need data urgently,11,106,False
SYN-00658,,The browser tab uses more and more memory over time and eventually crashes. Have to refresh every hour or so.,performance,high,synthetic,nan browser tab us memory time eventually crash refresh every hour,11,113,False
SYN-00145,,Can you send a PDF invoice for my last payment? My company needs it for expense reporting. Name on invoice: Bright Ventures LLC.,billing,normal,synthetic,nan send pdf invoice last payment company need expense reporting name invoice bright venture llc,15,132,False
SYN-00038,,I cancelled 14 days ago but got billed again. This is the the third time this month. I need my $299 back immediately.,billing,high,synthetic,nan cancelled day ago got billed third time month need back immediately,12,121,False
SYN-00022,,My card ending in 4242 expired. How do I update payment before the next cycle?,billing,normal,synthetic,nan card ending expired update payment next cycle,8,82,False
SYN-00459,,Lost my authenticator app. Cannot get past 2FA. Have backup codes but they are not being accepted. This is urgent.,account_access,critical,synthetic,nan lost authenticator app not get past 2fa backup code not accepted urgent,13,118,False
SYN-00800,,Does your platform work with Jira? Evaluating options right now and this is a key requirement.,general,normal,synthetic,nan platform work jira evaluating option right key requirement,9,98,False
SYN-00881,,Does your platform work with HubSpot? Evaluating options right now and this is a key requirement.,general,normal,synthetic,nan platform work hubspot evaluating option right key requirement,9,101,False
SYN-00828,,What is included in the Business plan exactly? Trying to figure out if we need to upgrade before committing to annual.,general,normal,synthetic,nan included business plan exactly trying figure need upgrade committing annual,11,122,False
SYN-00836,,How do I cancel my subscription? I cannot find the option anywhere in the settings.,general,normal,synthetic,nan cancel subscription not find option anywhere setting,8,87,False
SYN-00007,,I was charged twice for my Pro subscription. Two identical charges of $49 appeared on my statement. Please refund one.,billing,high,synthetic,nan charged twice pro subscription two identical charge appeared statement please refund one,13,122,False
SYN-00056,,I was charged twice for my Pro subscription. Two identical charges of $79 appeared on my statement. Please refund one.,billing,high,synthetic,nan charged twice pro subscription two identical charge appeared statement please refund one,13,122,False
SYN-00604,,The dashboard page takes 15 seconds to load randomly throughout the day. It was instant before. Our whole team is affected.,performance,high,synthetic,nan dashboard page take second load randomly throughout day instant whole team affected,13,127,False
SYN-00320,,Is there a mobile app or is one planned? I need to check on things when I am away from my desk.,feature_request,normal,synthetic,nan mobile app one planned need check thing away desk,10,99,False
SYN-00551,,Lost my authenticator app. Cannot get past 2FA. Have backup codes but they are not being accepted. This is urgent.,account_access,critical,synthetic,nan lost authenticator app not get past 2fa backup code not accepted urgent,13,118,False
SYN-00419,,Please add bulk upload a file for records. Doing it one at a time for 500+ records is the third time this month.,feature_request,normal,synthetic,nan please add bulk upload file record one time record third time month,13,116,False
SYN-00750,,Charts and graphs on the analytics page take forever to render. Sometimes they never load at all.,performance,normal,synthetic,nan chart graph analytics page take forever render sometimes never load,11,101,False
SYN-00110,,I cancelled 30 days ago but got billed again. This is the causing us serious problems. I need my $99 back immediately.,billing,high,synthetic,nan cancelled day ago got billed causing u serious problem need back immediately,13,122,False
REAL-00036,,Please add the ability to schedule automated reports,feature_request,normal,manual_real,nan please add ability schedule automated report,7,56,False
REAL-00006,,I keep getting an error when trying to update my card,billing,normal,manual_real,nan keep getting error trying update card,7,57,False
SYN-00403,,Please add bulk save my changes for contacts. Doing it one at a time for 500+ records is absolutely unacceptable.,feature_request,normal,synthetic,nan please add bulk save change contact one time record absolutely unacceptable,12,117,False
SYN-00271,,The app crashes after we upgraded plans when I try to save my changes. I am on Android 14. Error message: Authentication failed,bug_report,critical,synthetic,nan app crash upgraded plan try save change android error message authentication failed,13,131,False
SYN-00620,,The browser tab uses more and more memory over time and eventually crashes. Have to refresh every hour or so.,performance,high,synthetic,nan browser tab us memory time eventually crash refresh every hour,11,113,False
SYN-00834,,How do I export historical data? The documentation is not very clear on this step.,general,normal,synthetic,nan export historical data documentation not clear step,8,86,False
SYN-00475,,I accidentally created two accounts. Can they be merged? I want to keep all the data from both if possible.,account_access,normal,synthetic,nan accidentally created two account merged want keep data possible,10,111,False
SYN-00307,,Is there a mobile app or is one planned? I need to check on things when I am away from my desk.,feature_request,normal,synthetic,nan mobile app one planned need check thing away desk,10,99,False
SYN-00388,,Would love email or Slack notifications when a payment fails. I miss things because I cannot monitor the dashboard all day.,feature_request,normal,synthetic,nan would love email slack notification payment fails miss thing not monitor dashboard day,14,127,False
SYN-00886,,Does your platform work with HubSpot? Evaluating options right now and this is a key requirement.,general,normal,synthetic,nan platform work hubspot evaluating option right key requirement,9,101,False
SYN-00106,,I have no idea what this $29 charge is for. I do not remember signing up for anything new. Can you explain this?,billing,high,synthetic,nan no idea charge not remember signing anything new explain,10,116,False
SYN-00398,,Please add bulk run an analysis for tasks. Doing it one at a time for 500+ records is a major issue for our team.,feature_request,normal,synthetic,nan please add bulk run analysis task one time record major issue team,13,117,False
SYN-00801,,How do I cancel my subscription? I cannot find the option anywhere in the settings.,general,normal,synthetic,nan cancel subscription not find option anywhere setting,8,87,False
SYN-00660,,Exports keep timing out. Any projects report with more than 5000 rows fails. I need this data urgently.,performance,high,synthetic,nan export keep timing project report row fails need data urgently,11,107,False
SYN-00031,,My card ending in 5678 expired. How do I update payment before the next cycle?,billing,normal,synthetic,nan card ending expired update payment next cycle,8,82,False
SYN-00519,,Our SSO login is broken for the past week. The whole team cannot access the platform. This is completely blocking us.,account_access,critical,synthetic,nan sso login broken past week whole team not access platform completely blocking u,14,121,False
SYN-00531,,Completely locked out. Have not been able to log in for 30 days. Reset emails are not coming through.,account_access,high,synthetic,nan completely locked not able log day reset email not coming,11,105,False
SYN-00676,,Charts and graphs on the analytics page take forever to render. Sometimes they never load at all.,performance,normal,synthetic,nan chart graph analytics page take forever render sometimes never load,11,101,False
REAL-00038,,Can you add keyboard shortcuts for common actions?,feature_request,normal,manual_real,nan add keyboard shortcut common action,6,54,False
SYN-00098,,My invoice shows $99 but my plan is $79 per month. Please fix this and refund the difference.,billing,normal,synthetic,nan invoice show plan per month please fix refund difference,10,97,False
SYN-00099,,Can you send a PDF invoice for my last payment? My company needs it for expense reporting. Name on invoice: Tech Solutions Inc.,billing,normal,synthetic,nan send pdf invoice last payment company need expense reporting name invoice tech solution inc,15,131,False
SYN-00684,,Charts and graphs on the analytics page take forever to render. Sometimes they never load at all.,performance,normal,synthetic,nan chart graph analytics page take forever render sometimes never load,11,101,False
SYN-00047,,I cancelled 14 days ago but got billed again. This is the causing us serious problems. I need my $29 back immediately.,billing,high,synthetic,nan cancelled day ago got billed causing u serious problem need back immediately,13,122,False
SYN-00845,,Does your platform work with Jira? Evaluating options right now and this is a key requirement.,general,normal,synthetic,nan platform work jira evaluating option right key requirement,9,98,False
SYN-00463,,I accidentally created two accounts. Can they be merged? I want to keep all the data from both if possible.,account_access,normal,synthetic,nan accidentally created two account merged want keep data possible,10,111,False
SYN-00378,,We desperately need the ability to export transactions to CSV. Currently copying everything manually which takes hours.,feature_request,normal,synthetic,nan desperately need ability export transaction csv currently copying everything manually take hour,13,123,False
REAL-00019,,What happens to my data if I downgrade?,general,normal,manual_real,nan happens data downgrade,4,43,False
SYN-00633,,Exports keep timing out. Any invoices report with more than 5000 rows fails. I need this data urgently.,performance,high,synthetic,nan export keep timing invoice report row fails need data urgently,11,107,False
SYN-00877,,Just signed up for Basic and getting started. Is there an onboarding guide or someone we can talk to?,general,normal,synthetic,nan signed basic getting started onboarding guide someone talk,9,105,False
SYN-00756,,How do I cancel my subscription? I cannot find the option anywhere in the settings.,general,normal,synthetic,nan cancel subscription not find option anywhere setting,8,87,False
SYN-00270,,"Cannot get into my account at all. Password is correct, reset email never arrives. Tried 14 times now.",bug_report,critical,synthetic,nan not get account password correct reset email never arrives tried time,12,106,False
SYN-00710,,The browser tab uses more and more memory over time and eventually crashes. Have to refresh every hour or so.,performance,high,synthetic,nan browser tab us memory time eventually crash refresh every hour,11,113,False
SYN-00431,,Is there a mobile app or is one planned? I need to check on things when I am away from my desk.,feature_request,normal,synthetic,nan mobile app one planned need check thing away desk,10,99,False
SYN-00524,,Need to move my account to a different email address. Old email is no longer accessible. What is the process?,account_access,normal,synthetic,nan need move account different email address old email no longer accessible process,13,113,False
SYN-00588,,I accidentally created two accounts. Can they be merged? I want to keep all the data from both if possible.,account_access,normal,synthetic,nan accidentally created two account merged want keep data possible,10,111,False
SYN-00835,,How do I set up SSO? The documentation is not very clear on this step.,general,normal,synthetic,nan set sso documentation not clear step,7,74,False
SYN-00061,,Can you send a PDF invoice for my last payment? My company needs it for expense reporting. Name on invoice: Bright Ventures LLC.,billing,normal,synthetic,nan send pdf invoice last payment company need expense reporting name invoice bright venture llc,15,132,False
SYN-00841,,How do I export historical data? The documentation is not very clear on this step.,general,normal,synthetic,nan export historical data documentation not clear step,8,86,False
SYN-00350,,Please add bulk upload a file for contacts. Doing it one at a time for 500+ records is a major issue for our team.,feature_request,normal,synthetic,nan please add bulk upload file contact one time record major issue team,13,118,False
SYN-00474,,Our SSO login is broken for the past week. The whole team cannot access the platform. This is completely blocking us.,account_access,critical,synthetic,nan sso login broken past week whole team not access platform completely blocking u,14,121,False
SYN-00264,,"Cannot get into my account at all. Password is correct, reset email never arrives. Tried 14 times now.",bug_report,critical,synthetic,nan not get account password correct reset email never arrives tried time,12,106,False
SYN-00545,,Completely locked out. Have not been able to log in for 14 days. Reset emails are not coming through.,account_access,high,synthetic,nan completely locked not able log day reset email not coming,11,105,False
SYN-00091,,I was charged twice for my Enterprise subscription. Two identical charges of $49 appeared on my statement. Please refund one.,billing,high,synthetic,nan charged twice enterprise subscription two identical charge appeared statement please refund one,13,129,False
SYN-00225,,"Cannot get into my account at all. Password is correct, reset email never arrives. Tried 14 times now.",bug_report,critical,synthetic,nan not get account password correct reset email never arrives tried time,12,106,False
SYN-00179,,"Cannot get into my account at all. Password is correct, reset email never arrives. Tried 3 times now.",bug_report,critical,synthetic,nan not get account password correct reset email never arrives tried time,12,105,False
SYN-00017,,I cancelled 7 days ago but got billed again. This is the absolutely unacceptable. I need my $79 back immediately.,billing,high,synthetic,nan cancelled day ago got billed absolutely unacceptable need back immediately,11,117,False
SYN-00170,,The numbers on the dashboard dashboard are wrong. They do not match our actual data at all. Looks like a calculation error.,bug_report,high,synthetic,nan number dashboard dashboard wrong not match actual data look like calculation error,13,127,False
SYN-00782,,What is included in the Business plan exactly? Trying to figure out if we need to upgrade before committing to annual.,general,normal,synthetic,nan included business plan exactly trying figure need upgrade committing annual,11,122,False
SYN-00731,,The browser tab uses more and more memory over time and eventually crashes. Have to refresh every hour or so.,performance,high,synthetic,nan browser tab us memory time eventually crash refresh every hour,11,113,False
SYN-00260,,"Cannot get into my account at all. Password is correct, reset email never arrives. Tried 14 times now.",bug_report,critical,synthetic,nan not get account password correct reset email never arrives tried time,12,106,False
SYN-00757,,Does your platform work with QuickBooks? Evaluating options right now and this is a key requirement.,general,normal,synthetic,nan platform work quickbooks evaluating option right key requirement,9,104,False
SYN-00900,,Just signed up for Team and getting started. Is there an onboarding guide or someone we can talk to?,general,normal,synthetic,nan signed team getting started onboarding guide someone talk,9,104,False
SYN-00854,,How do I set up SSO? The documentation is not very clear on this step.,general,normal,synthetic,nan set sso documentation not clear step,7,74,False
SYN-00034,,I have no idea what this $29 charge is for. I do not remember signing up for anything new. Can you explain this?,billing,high,synthetic,nan no idea charge not remember signing anything new explain,10,116,False
SYN-00376,,We would love API access to reports so we can build our own integrations. Is this on the roadmap at all?,feature_request,normal,synthetic,nan would love api access report build integration roadmap,9,108,False
SYN-00236,,All API calls to your service are returning 500 errors since the last update. This is blocking our entire production deployment. Error: Request timeout,bug_report,critical,synthetic,nan api call service returning error since last update blocking entire production deployment error request timeout,16,155,False
SYN-00212,,My transactions disappear after saving. I get the green success message but everything is gone when I refresh. This is very frustrating.,bug_report,high,synthetic,nan transaction disappear saving get green success message everything gone refresh frustrating,12,140,False
SYN-00032,,I cancelled 7 days ago but got billed again. This is the very frustrating. I need my $149 back immediately.,billing,high,synthetic,nan cancelled day ago got billed frustrating need back immediately,10,111,False
SYN-00300,,All API calls to your service are returning 500 errors randomly throughout the day. This is blocking our entire production deployment. Error: 500 Internal Server Error,bug_report,critical,synthetic,nan api call service returning error randomly throughout day blocking entire production deployment error internal server error,17,171,False
SYN-00866,,What is included in the Enterprise plan exactly? Trying to figure out if we need to upgrade before committing to annual.,general,normal,synthetic,nan included enterprise plan exactly trying figure need upgrade committing annual,11,124,False
REAL-00044,,Can you add another admin to our team account?,account_access,normal,manual_real,nan add another admin team account,6,50,False
SYN-00864,,Quick question about billing cycles — could not find a clear answer in the docs. Can someone point me in the right direction?,general,normal,synthetic,nan quick question billing cycle could not find clear answer doc someone point right direction,15,129,False
SYN-00354,,"Does Zapier integration exist? If not, any plans to add it? It would completely change our workflow.",feature_request,normal,synthetic,nan zapier integration exist not plan add would completely change workflow,11,104,False
SYN-00645,,The settings page takes 30 seconds to load since the last update. It was instant before. Our whole team is affected.,performance,high,synthetic,nan setting page take second load since last update instant whole team affected,13,120,False
SYN-00202,,All API calls to your service are returning 500 errors since the last update. This is blocking our entire production deployment. Error: Request timeout,bug_report,critical,synthetic,nan api call service returning error since last update blocking entire production deployment error request timeout,16,155,False
SYN-00895,,What is included in the Team plan exactly? Trying to figure out if we need to upgrade before committing to annual.,general,normal,synthetic,nan included team plan exactly trying figure need upgrade committing annual,11,118,False
SYN-00258,,The numbers on the analytics dashboard are wrong. They do not match our actual data at all. Looks like a calculation error.,bug_report,high,synthetic,nan number analytics dashboard wrong not match actual data look like calculation error,13,127,False
SYN-00219,,My invoices disappear after saving. I get the green success message but everything is gone when I refresh. This is a major issue for our team.,bug_report,high,synthetic,nan invoice disappear saving get green success message everything gone refresh major issue team,14,146,False
SYN-00889,,How do I bulk delete old records? The documentation is not very clear on this step.,general,normal,synthetic,nan bulk delete old record documentation not clear step,9,87,False
SYN-00689,,The browser tab uses more and more memory over time and eventually crashes. Have to refresh every hour or so.,performance,high,synthetic,nan browser tab us memory time eventually crash refresh every hour,11,113,False
SYN-00093,,Can you send a PDF invoice for my last payment? My company needs it for expense reporting. Name on invoice: Tech Solutions Inc.,billing,normal,synthetic,nan send pdf invoice last payment company need expense reporting name invoice tech solution inc,15,131,False
SYN-00466,,Need to move my account to a different email address. Old email is no longer accessible. What is the process?,account_access,normal,synthetic,nan need move account different email address old email no longer accessible process,13,113,False
SYN-00008,,I cancelled 30 days ago but got billed again. This is the a major issue for our team. I need my $99 back immediately.,billing,high,synthetic,nan cancelled day ago got billed major issue team need back immediately,12,121,False
SYN-00671,,Search results take 10 seconds to appear after typing. Makes the product nearly impossible to use efficiently.,performance,high,synthetic,nan search result take second appear typing make product nearly impossible use efficiently,13,114,False
SYN-00259,,The app crashes randomly throughout the day when I try to run an analysis. I am on Android 14. Error message: Request timeout,bug_report,critical,synthetic,nan app crash randomly throughout day try run analysis android error message request timeout,14,129,False
SYN-00592,,Lost my authenticator app. Cannot get past 2FA. Have backup codes but they are not being accepted. This is urgent.,account_access,critical,synthetic,nan lost authenticator app not get past 2fa backup code not accepted urgent,13,118,False
SYN-00653,,Search results take 30 seconds to appear after typing. Makes the product nearly impossible to use efficiently.,performance,high,synthetic,nan search result take second appear typing make product nearly impossible use efficiently,13,114,False
SYN-00665,,Search results take 20 seconds to appear after typing. Makes the product nearly impossible to use efficiently.,performance,high,synthetic,nan search result take second appear typing make product nearly impossible use efficiently,13,114,False
SYN-00251,,The numbers on the analytics dashboard are wrong. They do not match our actual data at all. Looks like a calculation error.,bug_report,high,synthetic,nan number analytics dashboard wrong not match actual data look like calculation error,13,127,False
SYN-00865,,Quick question about billing cycles — could not find a clear answer in the docs. Can someone point me in the right direction?,general,normal,synthetic,nan quick question billing cycle could not find clear answer doc someone point right direction,15,129,False
SYN-00102,,I cancelled 14 days ago but got billed again. This is the causing us serious problems. I need my $79 back immediately.,billing,high,synthetic,nan cancelled day ago got billed causing u serious problem need back immediately,13,122,False
SYN-00893,,What is included in the Pro plan exactly? Trying to figure out if we need to upgrade before committing to annual.,general,normal,synthetic,nan included pro plan exactly trying figure need upgrade committing annual,11,117,False
SYN-00155,,The filters stopped working completely. Clicking it does nothing. Tried different browsers — same issue.,bug_report,high,synthetic,nan filter stopped working completely clicking nothing tried different browser issue,11,108,False
REAL-00021,,"Some features load fine, others take forever or fail",performance,normal,manual_real,nan feature load fine others take forever fail,8,56,False
